observacao;regiao;target;escore
obs5043;SULDESTE;0.0;0.9969
obs3416;NORTE;0.0;0.965
obs8834;SUL;0.0;0.9987
obs8959;NORDESTE;0.0;0.99
obs5768;CENTRO-OESTE;0.0;0.9861
obs9060;SULDESTE;0.0;0.9807
obs5549;SUL;0.0;0.9456
obs1264;NORDESTE;0.0;0.9902
obs7339;SULDESTE;0.0;0.9944
obs4294;SUL;0.0;0.9615
obs2303;NORDESTE;0.0;0.9865
obs4271;SULDESTE;1.0;0.9626
obs937;CENTRO-OESTE;0.0;0.9182
obs1190;NORDESTE;0.0;0.9561
obs5771;SULDESTE;0.0;0.9996
obs4629;NORDESTE;0.0;0.9596
obs1338;SULDESTE;0.0;0.9997
obs7948;NORDESTE;0.0;0.9944
obs4807;NORDESTE;0.0;0.9295
obs8313;CENTRO-OESTE;0.0;0.9978
obs3320;SULDESTE;0.0;0.9996
obs9139;NORDESTE;0.0;0.983
obs2272;NORDESTE;0.0;0.9456
obs2369;NORTE;0.0;0.9834
obs6167;NORDESTE;0.0;0.9311
obs7285;NORTE;0.0;0.9873
obs9388;SUL;0.0;0.9994
obs6216;NORDESTE;0.0;0.9023
obs9737;CENTRO-OESTE;1.0;0.9568
obs2610;NORDESTE;0.0;0.9222
obs2443;NORDESTE;0.0;0.9992
obs6644;CENTRO-OESTE;0.0;0.9933
obs7245;NORDESTE;0.0;0.817
obs3498;SULDESTE;0.0;0.9686
obs7136;NORTE;0.0;0.977
obs6631;SUL;0.0;0.9979
obs4417;SULDESTE;0.0;0.9997
obs1298;SULDESTE;0.0;0.972
obs6655;SUL;0.0;0.901
obs1423;SULDESTE;0.0;0.9999
obs7827;NORTE;0.0;0.9954
obs7920;SULDESTE;0.0;0.9297
obs3074;NORDESTE;0.0;0.9937
obs4906;SULDESTE;0.0;0.9268
obs1659;NORDESTE;0.0;0.9727
obs6064;SUL;0.0;0.9946
obs8595;NORDESTE;0.0;0.9868
obs4533;SULDESTE;0.0;0.9996
obs3943;NORDESTE;0.0;0.9577
obs7863;NORTE;0.0;0.9982
obs3467;SULDESTE;0.0;0.9224
obs285;SULDESTE;0.0;0.991
obs8230;SUL;0.0;0.9962
obs8225;SUL;0.0;0.9962
obs5667;NORDESTE;0.0;0.7542
obs9171;SUL;0.0;0.9993
obs1627;SUL;0.0;0.8804
obs9220;NORDESTE;0.0;0.994
obs606;SULDESTE;0.0;0.9984
obs1085;SUL;0.0;0.9583
obs508;CENTRO-OESTE;0.0;0.9405
obs4808;SULDESTE;0.0;0.9866
obs1006;SUL;0.0;0.9099
obs3551;SULDESTE;0.0;0.9965
obs791;CENTRO-OESTE;0.0;0.9984
obs4125;SULDESTE;0.0;0.9983
obs942;SULDESTE;0.0;0.9998
obs406;SULDESTE;0.0;0.9759
obs3232;NORDESTE;0.0;0.9373
obs8967;NORTE;0.0;0.9922
obs3865;NORDESTE;0.0;0.9958
obs4734;NORTE;0.0;0.9739
obs1138;SUL;0.0;0.997
obs3154;CENTRO-OESTE;0.0;0.9121
obs2116;SUL;0.0;0.9877
obs644;SUL;1.0;0.8923
obs1576;SULDESTE;0.0;0.9746
obs8033;CENTRO-OESTE;0.0;0.9966
obs6660;SULDESTE;0.0;0.9997
obs3983;SULDESTE;0.0;0.9997
obs5805;NORDESTE;0.0;0.9442
obs7188;SUL;0.0;0.9958
obs6183;NORTE;0.0;0.9916
obs4611;SULDESTE;0.0;0.9442
obs1285;SUL;0.0;0.9999
obs3775;NORDESTE;0.0;0.9756
obs6850;SULDESTE;0.0;0.9746
obs6915;NORDESTE;0.0;0.9593
obs5518;SUL;0.0;0.9987
obs284;SULDESTE;0.0;0.9956
obs9029;SULDESTE;0.0;0.9991
obs5820;NORDESTE;0.0;0.999
obs7083;SULDESTE;0.0;0.9987
obs197;NORDESTE;0.0;0.9945
obs6568;NORDESTE;0.0;0.9989
obs9019;NORDESTE;0.0;0.9992
obs472;SUL;0.0;0.9919
obs5000;SULDESTE;0.0;0.9775
obs8200;CENTRO-OESTE;0.0;0.9576
obs2496;CENTRO-OESTE;0.0;0.9981
obs4020;NORTE;0.0;0.875
obs4986;SUL;0.0;0.9914
obs5585;NORDESTE;0.0;0.9871
obs7916;CENTRO-OESTE;0.0;0.9736
obs123;SULDESTE;0.0;0.9957
obs8039;CENTRO-OESTE;0.0;0.9959
obs6142;SULDESTE;0.0;0.9489
obs4081;SULDESTE;0.0;0.9991
obs999;SULDESTE;0.0;0.9914
obs788;SUL;0.0;0.9802
obs3222;SUL;0.0;0.9806
obs423;SULDESTE;0.0;0.9985
obs5090;NORDESTE;0.0;0.9971
obs7145;NORTE;0.0;0.9902
obs4824;SUL;0.0;0.9985
obs4129;NORDESTE;0.0;0.9275
obs5780;SULDESTE;0.0;0.9616
obs4180;CENTRO-OESTE;0.0;0.9778
obs378;NORDESTE;0.0;0.961
obs7389;SUL;0.0;0.9422
obs5602;SULDESTE;0.0;0.9936
obs3108;SULDESTE;1.0;0.9628
obs5729;SULDESTE;0.0;0.9969
obs4318;NORDESTE;0.0;0.992
obs2974;NORTE;0.0;0.9846
obs5671;SULDESTE;0.0;0.9884
obs7823;NORDESTE;0.0;0.9689
obs8020;SULDESTE;0.0;0.9922
obs7820;SULDESTE;0.0;0.9966
obs8364;CENTRO-OESTE;0.0;0.9653
obs6738;SULDESTE;0.0;0.9585
obs5292;SULDESTE;0.0;0.9986
obs108;SULDESTE;0.0;0.9867
obs4950;CENTRO-OESTE;0.0;0.9994
obs6574;SUL;0.0;0.9992
obs5715;NORDESTE;0.0;0.9689
obs3832;SUL;0.0;0.9904
obs4372;NORTE;0.0;0.9894
obs5853;SUL;0.0;0.9832
obs4309;NORDESTE;0.0;0.9991
obs4089;NORDESTE;0.0;0.9893
obs3679;NORDESTE;0.0;0.9321
obs1938;SULDESTE;0.0;0.9997
obs5220;NORDESTE;0.0;0.9189
obs162;CENTRO-OESTE;0.0;0.9793
obs3451;SUL;0.0;0.9684
obs597;SUL;0.0;0.9816
obs386;SUL;0.0;0.8936
obs4951;SULDESTE;0.0;0.9882
obs1689;CENTRO-OESTE;0.0;0.9245
obs3177;NORDESTE;0.0;0.9943
obs7140;SULDESTE;0.0;0.9989
obs4621;SUL;0.0;0.9554
obs2406;CENTRO-OESTE;0.0;0.9562
obs5246;NORTE;0.0;0.9975
obs8890;NORDESTE;0.0;0.9987
obs6619;SULDESTE;0.0;0.9733
obs2426;SUL;0.0;0.954
obs9233;SULDESTE;0.0;0.9998
obs679;NORDESTE;0.0;0.9923
obs3892;SULDESTE;0.0;0.9983
obs5483;SUL;0.0;0.9692
obs3714;NORDESTE;0.0;0.9701
obs4198;CENTRO-OESTE;0.0;0.9259
obs3686;NORDESTE;0.0;0.9973
obs4817;SULDESTE;0.0;0.993
obs8312;CENTRO-OESTE;0.0;0.9485
obs5229;CENTRO-OESTE;0.0;0.9963
obs7082;CENTRO-OESTE;0.0;0.9721
obs7631;NORDESTE;1.0;0.9035
obs9798;SULDESTE;0.0;0.9289
obs1309;CENTRO-OESTE;0.0;0.967
obs1148;CENTRO-OESTE;0.0;0.8511
obs7835;SUL;0.0;0.967
obs5338;CENTRO-OESTE;0.0;0.9949
obs3772;SUL;0.0;0.9583
obs1408;SULDESTE;0.0;0.9982
obs2948;NORDESTE;0.0;0.9673
obs4276;NORDESTE;0.0;0.9636
obs7128;NORDESTE;0.0;0.4747
obs2706;NORDESTE;0.0;0.995
obs6846;NORDESTE;0.0;0.9972
obs2765;SULDESTE;0.0;0.9902
obs5402;SULDESTE;0.0;0.9891
obs7707;SUL;0.0;0.977
obs3636;NORDESTE;0.0;0.869
obs1316;SULDESTE;0.0;0.9529
obs1667;NORTE;0.0;0.9967
obs7343;SULDESTE;0.0;0.9892
obs4235;SULDESTE;0.0;0.9988
obs9484;SUL;0.0;0.9964
obs3122;SUL;0.0;0.9621
obs531;CENTRO-OESTE;0.0;0.9876
obs7388;SULDESTE;0.0;0.9949
obs4770;NORDESTE;0.0;0.9826
obs9156;SULDESTE;0.0;0.999
obs7540;SULDESTE;0.0;0.8821
obs4944;NORDESTE;0.0;0.9962
obs463;SUL;0.0;0.9996
obs3157;CENTRO-OESTE;0.0;0.9989
obs1550;SUL;0.0;0.8985
obs8738;SUL;0.0;0.9864
obs6767;CENTRO-OESTE;0.0;0.9158
obs53;SULDESTE;1.0;0.9464
obs4592;SUL;0.0;0.9744
obs1230;SULDESTE;0.0;0.9958
obs7914;NORTE;0.0;0.9671
obs8507;CENTRO-OESTE;0.0;0.987
obs5758;SULDESTE;0.0;0.9694
obs7335;SULDESTE;0.0;0.9992
obs2821;SULDESTE;0.0;0.9985
obs8048;SULDESTE;0.0;0.9967
obs1270;SULDESTE;0.0;0.9958
obs2410;SUL;0.0;0.9927
obs2379;NORTE;0.0;0.9676
obs2248;SUL;0.0;0.9997
obs7849;CENTRO-OESTE;0.0;0.9636
obs8289;NORDESTE;0.0;0.9999
obs455;SULDESTE;0.0;0.9955
obs966;SULDESTE;0.0;0.8923
obs7367;SUL;0.0;0.9955
obs4117;SUL;0.0;0.9849
obs3549;NORDESTE;0.0;0.8774
obs7590;SULDESTE;0.0;0.9895
obs3042;SULDESTE;0.0;0.9988
obs3024;SULDESTE;0.0;0.953
obs5705;NORTE;1.0;0.9413
obs6215;SUL;0.0;0.9961
obs6521;SUL;0.0;0.9845
obs6785;SULDESTE;0.0;0.9999
obs3474;SUL;0.0;0.9935
obs5958;SULDESTE;0.0;0.9618
obs8669;SULDESTE;0.0;0.9997
obs5216;SULDESTE;0.0;0.998
obs6479;CENTRO-OESTE;0.0;0.9925
obs548;SULDESTE;0.0;0.9929
obs7711;SULDESTE;0.0;0.9671
obs777;SULDESTE;0.0;0.9722
obs4786;SULDESTE;0.0;0.8803
obs7015;SUL;0.0;0.9991
obs4410;SUL;0.0;0.9713
obs9153;NORDESTE;0.0;0.9938
obs1274;SULDESTE;0.0;0.9902
obs4514;SUL;0.0;0.9974
obs3932;NORDESTE;0.0;0.9914
obs2686;NORDESTE;0.0;0.9828
obs5747;NORDESTE;0.0;0.9991
obs8297;SULDESTE;0.0;0.9999
obs8913;NORDESTE;0.0;0.9613
obs8666;SUL;0.0;0.9145
obs4506;NORDESTE;0.0;0.8731
obs2365;SUL;0.0;0.9307
obs4058;NORTE;0.0;0.9991
obs198;NORDESTE;0.0;0.9649
obs2962;SULDESTE;0.0;0.9987
obs2929;SULDESTE;0.0;0.9973
obs5532;SUL;0.0;0.9926
obs4273;SUL;0.0;0.9978
obs9332;CENTRO-OESTE;0.0;0.9977
obs6579;SULDESTE;1.0;0.9363
obs1858;NORDESTE;0.0;0.9986
obs5814;NORDESTE;0.0;0.914
obs7251;NORDESTE;0.0;0.978
obs4827;SUL;0.0;0.9997
obs6165;SUL;0.0;0.9972
obs1413;NORDESTE;0.0;0.9878
obs6075;SULDESTE;0.0;0.9629
obs7773;SUL;0.0;0.9901
obs8376;NORTE;0.0;0.9501
obs5989;NORDESTE;0.0;0.9156
obs9117;SULDESTE;0.0;0.9899
obs2553;NORDESTE;0.0;0.9961
obs154;NORTE;0.0;0.9882
obs3516;NORTE;0.0;0.9978
obs2619;SULDESTE;0.0;0.9616
obs2801;NORDESTE;0.0;0.9552
obs4777;SULDESTE;0.0;0.9862
obs5887;SUL;0.0;0.9987
obs2397;CENTRO-OESTE;0.0;0.997
obs1147;SULDESTE;0.0;0.9995
obs6951;NORDESTE;0.0;0.9864
obs446;NORDESTE;0.0;0.989
obs2045;SUL;0.0;0.9974
obs6457;SUL;0.0;0.9937
obs7432;NORDESTE;0.0;0.9922
obs6562;SUL;0.0;0.9676
obs7806;NORDESTE;1.0;0.7406
obs2488;SULDESTE;0.0;0.9996
obs3196;SULDESTE;0.0;0.9705
obs9301;SUL;0.0;0.994
obs8873;NORDESTE;0.0;0.983
obs6974;SULDESTE;0.0;0.9967
obs7619;SULDESTE;0.0;0.9944
obs1010;NORTE;0.0;0.9802
obs8579;SULDESTE;0.0;0.991
obs4539;SUL;0.0;0.994
obs919;SULDESTE;0.0;0.9422
obs5874;SULDESTE;0.0;0.947
obs3183;NORTE;0.0;0.9715
obs4991;NORTE;0.0;0.9975
obs4801;NORDESTE;0.0;0.9547
obs1875;SUL;0.0;0.9539
obs659;SULDESTE;0.0;0.9111
obs7873;SULDESTE;0.0;0.9886
obs3070;NORDESTE;0.0;0.9476
obs3220;SULDESTE;0.0;0.9929
obs6338;SUL;0.0;0.9814
obs5234;SUL;0.0;0.9914
obs8836;SULDESTE;0.0;0.9965
obs3647;SULDESTE;0.0;0.9973
obs6383;SULDESTE;0.0;0.9912
obs3603;SULDESTE;0.0;0.9991
obs1777;SUL;0.0;0.9028
obs2256;SULDESTE;0.0;0.9997
obs310;SULDESTE;0.0;0.9989
obs8133;NORTE;0.0;0.9992
obs4199;NORTE;0.0;0.9756
obs3147;SULDESTE;0.0;0.9871
obs3230;SULDESTE;0.0;0.9992
obs5617;CENTRO-OESTE;0.0;0.9931
obs4821;SUL;0.0;0.8824
obs8687;NORTE;0.0;0.9686
obs2163;SULDESTE;0.0;0.9995
obs4882;NORTE;0.0;0.9994
obs6261;SULDESTE;0.0;0.9751
obs3651;SULDESTE;0.0;0.9997
obs5910;NORTE;0.0;0.9706
obs6662;CENTRO-OESTE;0.0;0.9901
obs4888;SUL;1.0;0.8134
obs858;NORTE;1.0;0.9577
obs616;SUL;0.0;0.9215
obs689;SULDESTE;0.0;0.9964
obs1412;SUL;0.0;0.8885
obs2114;NORDESTE;0.0;0.9498
obs1307;SUL;0.0;0.9301
obs2089;CENTRO-OESTE;0.0;0.9358
obs4406;SULDESTE;0.0;0.9375
obs1344;SULDESTE;0.0;0.9998
obs4814;NORDESTE;0.0;0.999
obs1920;NORDESTE;0.0;0.994
obs9504;SUL;0.0;0.8517
obs2130;SULDESTE;0.0;0.9679
obs6863;NORDESTE;0.0;0.9152
obs2876;NORDESTE;0.0;0.9793
obs6205;SULDESTE;0.0;0.9921
obs7722;SUL;0.0;0.981
obs3210;NORTE;0.0;0.9964
obs529;CENTRO-OESTE;0.0;0.9782
obs5937;SUL;0.0;0.9996
obs1151;NORDESTE;0.0;0.9474
obs6757;SUL;0.0;0.9958
obs8365;SUL;0.0;0.7354
obs3195;NORDESTE;0.0;0.9713
obs4095;NORDESTE;0.0;0.9976
obs4102;SUL;0.0;0.9927
obs1365;SUL;0.0;0.9955
obs8344;CENTRO-OESTE;0.0;0.8867
obs1767;NORDESTE;0.0;0.9517
obs7069;SUL;0.0;0.9883
obs8981;CENTRO-OESTE;0.0;0.9965
obs8476;CENTRO-OESTE;0.0;0.9921
obs1105;SUL;0.0;0.996
obs562;NORTE;0.0;0.9815
obs9064;CENTRO-OESTE;0.0;0.9876
obs2845;SUL;0.0;0.9998
obs8477;SULDESTE;0.0;0.9716
obs1979;NORDESTE;0.0;0.9436
obs534;NORTE;0.0;0.9938
obs3968;SUL;0.0;0.9784
obs1707;SULDESTE;0.0;0.9836
obs6166;SULDESTE;0.0;0.9599
obs9300;CENTRO-OESTE;0.0;0.9339
obs1255;SULDESTE;0.0;0.9928
obs1078;SUL;0.0;0.9922
obs3944;SULDESTE;0.0;0.9953
obs3091;SULDESTE;0.0;0.9907
obs5326;CENTRO-OESTE;0.0;0.9379
obs3632;CENTRO-OESTE;0.0;0.9993
obs3134;SUL;0.0;0.9877
obs5924;NORDESTE;0.0;0.9848
obs3837;SULDESTE;0.0;0.9864
obs5496;SUL;0.0;0.9923
obs4421;NORDESTE;1.0;0.8771
obs2818;NORDESTE;0.0;0.9011
obs4980;NORDESTE;1.0;0.7144
obs8542;SUL;0.0;0.9618
obs8262;SUL;1.0;0.8802
obs6319;SUL;0.0;0.9987
obs5215;NORDESTE;0.0;0.9961
obs135;SULDESTE;0.0;0.9997
obs3631;SULDESTE;0.0;0.9991
obs4556;CENTRO-OESTE;0.0;0.9733
obs3267;CENTRO-OESTE;0.0;0.919
obs5515;SUL;0.0;0.9046
obs1941;NORTE;0.0;0.9947
obs5959;SUL;0.0;0.894
obs7244;NORDESTE;0.0;0.9995
obs5221;NORDESTE;0.0;0.9906
obs3584;NORTE;0.0;0.9875
obs4485;NORDESTE;0.0;0.9845
obs9419;SULDESTE;0.0;0.99
obs4155;NORDESTE;0.0;0.9965
obs1959;SULDESTE;0.0;0.9988
obs8124;SULDESTE;0.0;0.9953
obs6213;NORTE;0.0;0.9962
obs6815;SUL;1.0;0.7914
obs6343;NORDESTE;0.0;0.9752
obs3888;SULDESTE;0.0;0.9919
obs1425;SULDESTE;0.0;0.9875
obs9589;SUL;0.0;0.9821
obs5152;SULDESTE;0.0;0.9991
obs8253;NORDESTE;0.0;0.9555
obs1736;SUL;0.0;0.9217
obs7249;NORTE;0.0;0.9542
obs3326;NORDESTE;1.0;0.8026
obs7892;NORDESTE;1.0;0.7891
obs2484;NORDESTE;0.0;0.998
obs7625;SULDESTE;0.0;0.9973
obs3152;SULDESTE;0.0;0.9424
obs5577;SULDESTE;0.0;0.9843
obs8264;NORDESTE;0.0;0.9942
obs6094;SUL;0.0;0.9556
obs2646;NORTE;0.0;0.9877
obs9050;SULDESTE;0.0;0.9995
obs9415;SUL;0.0;0.8979
obs2450;SULDESTE;0.0;0.9932
obs8531;NORDESTE;0.0;0.9985
obs3284;SULDESTE;0.0;0.9797
obs4358;NORDESTE;0.0;0.9901
obs9600;SULDESTE;0.0;0.9989
obs7504;SULDESTE;0.0;0.9996
obs1483;NORDESTE;0.0;0.9991
obs6419;SUL;0.0;0.9684
obs7058;SULDESTE;0.0;0.9995
obs9178;NORDESTE;0.0;0.9983
obs8714;SUL;0.0;0.9994
obs9265;SUL;0.0;0.9533
obs2859;SULDESTE;0.0;0.9999
obs9033;NORDESTE;0.0;0.9914
obs2500;SUL;0.0;0.9437
obs3126;SULDESTE;0.0;0.9661
obs2111;CENTRO-OESTE;0.0;0.9997
obs1694;CENTRO-OESTE;0.0;0.9986
obs176;SULDESTE;0.0;0.9995
obs3417;SUL;0.0;0.9971
obs3689;SULDESTE;0.0;0.9991
obs2486;NORDESTE;0.0;0.9985
obs9413;NORDESTE;0.0;0.9988
obs9198;SUL;0.0;0.9969
obs4034;CENTRO-OESTE;0.0;0.9218
obs4515;SUL;0.0;0.9979
obs8664;SUL;0.0;0.9942
obs6390;NORDESTE;0.0;0.9836
obs9078;CENTRO-OESTE;0.0;0.9555
obs8227;SUL;0.0;0.9849
obs1632;SUL;0.0;0.995
obs6360;CENTRO-OESTE;0.0;0.9959
obs5504;CENTRO-OESTE;0.0;0.9694
obs3500;NORDESTE;0.0;0.959
obs7681;NORTE;0.0;0.9828
obs4026;SUL;0.0;0.9961
obs2259;CENTRO-OESTE;0.0;0.9748
obs1031;SULDESTE;0.0;0.9987
obs4778;CENTRO-OESTE;0.0;0.9155
obs5076;CENTRO-OESTE;0.0;0.9983
obs8185;SULDESTE;0.0;0.9751
obs3328;CENTRO-OESTE;0.0;0.9411
obs2909;SUL;0.0;0.9698
obs5131;SULDESTE;0.0;0.9959
obs3404;NORDESTE;0.0;0.9766
obs5224;NORDESTE;0.0;0.6961
obs4837;NORTE;0.0;0.9721
obs5410;SULDESTE;0.0;0.9991
obs3123;CENTRO-OESTE;0.0;0.9789
obs2825;SUL;0.0;0.965
obs6010;SULDESTE;0.0;0.9986
obs665;CENTRO-OESTE;0.0;0.999
obs1912;SUL;0.0;0.9992
obs3246;NORDESTE;0.0;0.9597
obs4656;NORDESTE;0.0;0.9982
obs2555;NORTE;0.0;0.9709
obs727;SULDESTE;0.0;0.9996
obs1812;NORTE;0.0;0.9131
obs4681;SULDESTE;0.0;0.9693
obs4225;SULDESTE;0.0;0.9981
obs4044;SULDESTE;0.0;0.9995
obs7034;CENTRO-OESTE;0.0;0.9261
obs5581;SUL;0.0;0.8552
obs9758;SUL;0.0;0.9972
obs9;NORTE;0.0;0.9996
obs5779;NORDESTE;0.0;0.9879
obs2329;SULDESTE;0.0;0.9984
obs1418;NORTE;0.0;0.9751
obs990;NORDESTE;0.0;0.9854
obs5363;SUL;0.0;0.998
obs9398;SUL;0.0;0.989
obs8276;NORDESTE;1.0;0.8751
obs9471;NORTE;0.0;0.9972
obs1400;SUL;0.0;0.9683
obs8349;CENTRO-OESTE;0.0;0.9058
obs6374;SUL;0.0;0.999
obs8584;SULDESTE;0.0;0.9401
obs5672;SUL;0.0;0.9829
obs2877;SULDESTE;0.0;0.9629
obs9123;SUL;0.0;0.9914
obs4234;SULDESTE;0.0;0.9987
obs4303;NORDESTE;0.0;0.9951
obs5662;NORTE;0.0;0.9968
obs738;SULDESTE;0.0;0.9885
obs3560;SULDESTE;0.0;0.9985
obs2669;SULDESTE;0.0;0.9999
obs9394;SULDESTE;0.0;0.98
obs2831;NORDESTE;0.0;0.992
obs8794;CENTRO-OESTE;0.0;0.933
obs954;CENTRO-OESTE;0.0;0.9734
obs4112;NORTE;0.0;0.9933
obs5161;SULDESTE;0.0;0.9931
obs7701;SUL;0.0;0.8957
obs8128;SUL;1.0;0.8964
obs6486;SULDESTE;0.0;0.9973
obs6932;SUL;0.0;0.9885
obs4156;SULDESTE;0.0;0.9953
obs712;CENTRO-OESTE;0.0;0.997
obs4307;SULDESTE;0.0;0.992
obs6254;SULDESTE;0.0;0.9994
obs8850;SUL;0.0;0.9998
obs2208;NORDESTE;0.0;0.9156
obs129;SULDESTE;0.0;0.9662
obs7000;SUL;0.0;0.9639
obs9228;SUL;0.0;0.999
obs6511;NORDESTE;1.0;0.9143
obs8909;SUL;0.0;0.9729
obs4344;NORDESTE;0.0;0.942
obs7026;NORTE;0.0;0.9721
obs5286;SULDESTE;0.0;0.9751
obs3977;NORTE;0.0;0.9882
obs6113;SULDESTE;0.0;0.9985
obs3626;NORDESTE;0.0;0.9995
obs5982;SULDESTE;0.0;0.9999
obs2266;CENTRO-OESTE;0.0;0.9886
obs5180;SULDESTE;0.0;0.9873
obs9355;SULDESTE;0.0;0.9744
obs2632;CENTRO-OESTE;0.0;0.9989
obs5332;SULDESTE;0.0;0.9657
obs5374;SULDESTE;0.0;0.9997
obs2036;SULDESTE;0.0;0.9996
obs6134;SUL;0.0;0.988
obs8660;CENTRO-OESTE;0.0;0.9993
obs5081;SUL;0.0;0.9869
obs9423;NORTE;0.0;0.9818
obs4813;SULDESTE;0.0;0.9833
obs3043;SULDESTE;0.0;0.9806
obs9549;NORDESTE;0.0;0.8199
obs2371;CENTRO-OESTE;0.0;0.9721
obs5754;NORDESTE;0.0;0.9725
obs522;SUL;0.0;0.9988
obs8327;NORDESTE;0.0;0.9977
obs89;SUL;0.0;0.8688
obs9304;CENTRO-OESTE;0.0;0.9329
obs1095;NORTE;0.0;0.9999
obs2338;CENTRO-OESTE;0.0;0.9672
obs6471;SUL;0.0;0.9939
obs5023;NORDESTE;0.0;0.9699
obs1409;SUL;0.0;0.9955
obs1835;NORDESTE;0.0;0.9068
obs121;NORDESTE;0.0;0.992
obs4263;SUL;0.0;0.9329
obs6551;CENTRO-OESTE;0.0;0.9866
obs4267;SUL;0.0;0.9993
obs8833;SUL;0.0;0.929
obs2179;SULDESTE;0.0;0.9766
obs3199;SUL;0.0;0.9867
obs4726;SULDESTE;0.0;0.975
obs7490;CENTRO-OESTE;0.0;0.7951
obs813;NORDESTE;0.0;0.998
obs95;NORTE;0.0;0.9844
obs2601;NORTE;0.0;0.9979
obs7347;SULDESTE;0.0;0.9934
obs6985;SULDESTE;0.0;0.9951
obs7242;SUL;0.0;0.9943
obs8722;SUL;0.0;0.9989
obs4439;CENTRO-OESTE;0.0;0.9976
obs9593;SUL;0.0;0.9971
obs5954;SULDESTE;0.0;0.9642
obs7114;NORDESTE;0.0;0.9979
obs8617;NORDESTE;0.0;0.9644
obs5320;NORDESTE;0.0;0.9924
obs9005;NORDESTE;0.0;0.9153
obs1329;SUL;0.0;0.9986
obs6578;SULDESTE;0.0;0.9924
obs9468;SUL;0.0;0.966
obs6566;NORDESTE;0.0;0.9111
obs7847;CENTRO-OESTE;0.0;0.9938
obs4831;CENTRO-OESTE;0.0;0.9891
obs1060;NORTE;0.0;0.991
obs1827;SUL;0.0;0.9942
obs6072;NORTE;0.0;0.9992
obs8454;SULDESTE;0.0;0.9983
obs4269;NORDESTE;0.0;0.9892
obs4407;CENTRO-OESTE;0.0;0.9013
obs7374;SUL;0.0;0.9971
obs8059;SULDESTE;0.0;0.9832
obs1491;NORDESTE;0.0;0.9999
obs4124;NORDESTE;0.0;0.977
obs7660;SUL;0.0;0.9816
obs4870;CENTRO-OESTE;0.0;0.9888
obs6901;SUL;0.0;0.998
obs5427;NORTE;0.0;0.9814
obs9088;NORDESTE;0.0;0.9969
obs3367;SULDESTE;0.0;0.9782
obs6657;SULDESTE;0.0;0.9986
obs7909;NORDESTE;0.0;0.9809
obs3323;SULDESTE;0.0;0.9969
obs6737;SULDESTE;0.0;0.9508
obs5415;NORTE;0.0;0.9472
obs9344;NORDESTE;0.0;0.8928
obs2667;SUL;0.0;0.995
obs9235;CENTRO-OESTE;0.0;0.9778
obs2126;SUL;0.0;0.9791
obs6808;SULDESTE;0.0;0.9985
obs4743;CENTRO-OESTE;0.0;0.9493
obs7482;NORDESTE;0.0;0.8878
obs8074;SULDESTE;0.0;0.9904
obs9462;SUL;0.0;0.842
obs8299;NORDESTE;0.0;0.9243
obs8190;NORDESTE;1.0;0.8294
obs2424;SULDESTE;0.0;0.9779
obs8016;SULDESTE;0.0;0.9982
obs6555;SUL;0.0;0.9976
obs7641;NORDESTE;0.0;0.9981
obs3728;SUL;0.0;0.999
obs3095;SULDESTE;0.0;0.9957
obs93;CENTRO-OESTE;0.0;0.989
obs4840;SUL;0.0;0.9344
obs6692;SULDESTE;0.0;0.9844
obs8021;SULDESTE;0.0;0.9876
obs216;SULDESTE;0.0;0.8923
obs31;SULDESTE;0.0;0.986
obs4447;SULDESTE;0.0;0.9884
obs8985;CENTRO-OESTE;0.0;0.9442
obs9197;NORDESTE;1.0;0.8398
obs5037;NORTE;0.0;0.9928
obs7386;NORDESTE;0.0;0.9955
obs5928;SULDESTE;0.0;0.9997
obs8556;SULDESTE;0.0;0.9512
obs80;SUL;0.0;0.985
obs8791;NORDESTE;0.0;0.9347
obs2606;SUL;0.0;0.9891
obs5966;CENTRO-OESTE;0.0;0.8971
obs7056;SULDESTE;0.0;0.9912
obs3159;SUL;0.0;0.9352
obs9207;SULDESTE;0.0;0.9853
obs5481;SUL;0.0;0.997
obs5194;SULDESTE;0.0;0.9939
obs6181;SUL;0.0;0.9981
obs3428;SULDESTE;0.0;0.9897
obs1487;NORTE;0.0;0.9989
obs7421;NORDESTE;0.0;0.9996
obs2931;SULDESTE;0.0;0.9396
obs537;SUL;0.0;0.9995
obs8928;NORDESTE;0.0;0.9995
obs1438;NORDESTE;0.0;0.9178
obs8440;SUL;0.0;0.9141
obs783;NORTE;0.0;0.9285
obs754;NORDESTE;0.0;0.9997
obs6307;NORDESTE;0.0;0.8481
obs312;CENTRO-OESTE;0.0;0.9677
obs6868;CENTRO-OESTE;0.0;0.9851
obs5512;SULDESTE;0.0;0.9504
obs8017;SULDESTE;0.0;0.9992
obs7316;NORDESTE;0.0;0.9566
obs4286;CENTRO-OESTE;0.0;0.9962
obs5486;SULDESTE;0.0;0.9976
obs6245;SULDESTE;0.0;0.9992
obs8178;SUL;0.0;0.9873
obs8690;SULDESTE;0.0;0.9997
obs8414;SULDESTE;0.0;0.825
obs5794;SULDESTE;0.0;0.9928
obs6462;SULDESTE;0.0;0.9988
obs218;NORDESTE;0.0;0.9776
obs1706;NORDESTE;0.0;0.9948
obs5657;NORDESTE;0.0;0.9837
obs4742;SULDESTE;0.0;0.9956
obs2572;CENTRO-OESTE;0.0;0.9592
obs2688;NORDESTE;0.0;0.8773
obs1828;SUL;0.0;0.9997
obs2756;NORDESTE;0.0;0.982
obs7018;NORDESTE;1.0;0.7799
obs3806;SUL;0.0;0.9715
obs9793;SULDESTE;0.0;0.9955
obs2212;SUL;0.0;0.8661
obs2548;CENTRO-OESTE;0.0;0.999
obs3662;SULDESTE;0.0;0.9579
obs7775;CENTRO-OESTE;0.0;0.9775
obs2002;SULDESTE;0.0;0.9924
obs6524;SUL;0.0;0.9895
obs3758;NORTE;0.0;0.9876
obs4080;SULDESTE;0.0;0.9916
obs4636;SUL;0.0;0.999
obs789;SULDESTE;0.0;0.9457
obs6740;SULDESTE;0.0;0.9735
obs5040;SULDESTE;0.0;0.9363
obs4990;SUL;0.0;0.9962
obs2558;SUL;0.0;0.8603
obs7558;SULDESTE;0.0;0.9994
obs7848;SULDESTE;0.0;0.9917
obs3903;CENTRO-OESTE;0.0;0.9671
obs8927;SULDESTE;0.0;0.9805
obs3418;SULDESTE;0.0;0.9988
obs641;NORDESTE;0.0;0.9962
obs3874;SULDESTE;0.0;0.9813
obs4720;CENTRO-OESTE;0.0;0.9957
obs2901;NORTE;0.0;0.9797
obs1335;SUL;0.0;0.9378
obs6742;SULDESTE;0.0;0.9998
obs328;SUL;0.0;0.9845
obs7356;SUL;0.0;0.993
obs6713;NORDESTE;0.0;0.9645
obs215;SULDESTE;0.0;0.9911
obs6871;SULDESTE;0.0;0.995
obs6199;SULDESTE;0.0;0.9999
obs5707;NORTE;0.0;0.9751
obs2592;NORDESTE;0.0;0.9925
obs8032;SULDESTE;0.0;0.9939
obs8112;NORDESTE;0.0;0.8848
obs3724;SUL;0.0;0.896
obs5627;SULDESTE;0.0;0.998
obs6845;NORTE;0.0;0.9795
obs4751;NORDESTE;0.0;0.9989
obs8270;NORTE;0.0;0.9954
obs4019;SUL;0.0;0.9945
obs9256;CENTRO-OESTE;0.0;0.9976
obs9637;CENTRO-OESTE;0.0;0.9984
obs2505;SULDESTE;0.0;0.8911
obs9023;SULDESTE;0.0;0.9998
obs4356;CENTRO-OESTE;0.0;0.998
obs209;SULDESTE;0.0;0.9859
obs3127;SUL;0.0;0.9608
obs3598;CENTRO-OESTE;0.0;0.9897
obs1732;SULDESTE;0.0;0.9927
obs9057;SULDESTE;0.0;0.9817
obs1299;SULDESTE;0.0;0.986
obs8620;NORDESTE;0.0;0.9716
obs3430;SULDESTE;1.0;0.9657
obs1187;CENTRO-OESTE;0.0;0.9849
obs1308;NORDESTE;0.0;0.9977
obs885;CENTRO-OESTE;0.0;0.991
obs7284;SUL;0.0;0.9588
obs5866;SUL;0.0;0.922
obs3645;SUL;0.0;0.9991
obs7035;SULDESTE;0.0;0.9975
obs6125;NORTE;0.0;0.9954
obs3754;SULDESTE;0.0;0.9936
obs2826;NORTE;0.0;0.9462
obs4952;SULDESTE;0.0;0.9418
obs1741;NORTE;0.0;0.9871
obs2532;SUL;0.0;0.9995
obs1516;SULDESTE;0.0;0.9905
obs5142;CENTRO-OESTE;0.0;0.9912
obs3266;NORDESTE;0.0;0.979
obs4260;NORDESTE;0.0;0.9983
obs3355;SUL;0.0;0.9978
obs6545;NORDESTE;0.0;0.9004
obs4973;SUL;0.0;0.9207
obs744;SULDESTE;0.0;0.9999
obs3285;SUL;0.0;0.9996
obs39;NORDESTE;0.0;0.9911
obs8485;NORDESTE;1.0;0.9499
obs6674;NORDESTE;0.0;0.9764
obs7859;NORDESTE;0.0;0.9929
obs1022;NORTE;0.0;0.967
obs948;NORDESTE;0.0;0.8899
obs1370;CENTRO-OESTE;0.0;0.9924
obs8757;SULDESTE;0.0;0.974
obs7870;SUL;0.0;0.9978
obs4482;CENTRO-OESTE;0.0;0.9615
obs4238;NORDESTE;0.0;0.9966
obs392;NORDESTE;0.0;0.9669
obs2971;NORDESTE;0.0;0.9897
obs3962;SULDESTE;0.0;0.9761
obs7007;SULDESTE;0.0;0.9965
obs1518;SUL;0.0;0.9927
obs8272;SULDESTE;0.0;0.9651
obs6408;NORDESTE;0.0;0.9793
obs5800;NORDESTE;0.0;0.9286
obs3296;SUL;0.0;0.9973
obs2744;SULDESTE;0.0;0.9888
obs7155;SULDESTE;1.0;0.9874
obs670;SUL;0.0;0.9788
obs8362;SULDESTE;0.0;0.9902
obs8582;NORDESTE;0.0;0.9987
obs9404;SULDESTE;0.0;0.9991
obs7653;SULDESTE;0.0;0.9925
obs2273;SULDESTE;0.0;0.9964
obs9668;SUL;0.0;0.9657
obs8474;NORTE;0.0;0.9916
obs3423;CENTRO-OESTE;0.0;0.9918
obs7818;SULDESTE;0.0;0.9989
obs9142;NORDESTE;0.0;0.8174
obs4331;SULDESTE;1.0;0.9446
obs6612;SULDESTE;0.0;0.9976
obs6963;SUL;0.0;0.9781
obs2643;CENTRO-OESTE;0.0;0.981
obs6381;SUL;0.0;0.9891
obs6519;NORDESTE;0.0;0.9299
obs8662;NORDESTE;0.0;0.9917
obs8678;SUL;0.0;0.9194
obs7214;SULDESTE;0.0;0.991
obs5792;NORDESTE;0.0;0.9968
obs5934;SULDESTE;0.0;0.9933
obs7912;SULDESTE;0.0;0.9965
obs9485;SULDESTE;0.0;0.9995
obs1117;SUL;0.0;0.9505
obs851;SULDESTE;0.0;0.9605
obs1257;CENTRO-OESTE;0.0;0.9084
obs9569;NORTE;0.0;0.9846
obs8399;NORDESTE;0.0;0.9924
obs6939;SUL;0.0;0.9713
obs1982;SULDESTE;0.0;0.9991
obs4153;CENTRO-OESTE;0.0;0.9989
obs4876;SULDESTE;0.0;0.999
obs6836;SUL;0.0;0.9844
obs5964;SUL;0.0;0.912
obs9134;NORTE;0.0;0.9831
obs819;CENTRO-OESTE;0.0;0.9959
obs1751;SULDESTE;0.0;0.9993
obs2335;SULDESTE;0.0;0.9995
obs5809;NORDESTE;0.0;0.9931
obs9238;NORTE;0.0;0.9994
obs4878;SUL;0.0;0.9904
obs793;SULDESTE;0.0;0.9954
obs9833;SULDESTE;0.0;0.9835
obs5025;SULDESTE;0.0;0.9995
obs9115;SUL;0.0;0.9385
obs3047;SUL;0.0;0.9634
obs8551;SUL;0.0;0.9236
obs7102;NORDESTE;0.0;0.999
obs8267;NORDESTE;0.0;0.9977
obs3704;SUL;0.0;0.9906
obs1258;SUL;0.0;0.9776
obs626;SUL;0.0;0.9991
obs6127;SULDESTE;0.0;0.9984
obs6387;SULDESTE;0.0;0.9996
obs949;CENTRO-OESTE;0.0;0.9844
obs2887;SULDESTE;1.0;0.9523
obs3961;SULDESTE;0.0;0.9988
obs7651;SUL;0.0;0.9931
obs5588;SUL;0.0;0.9969
obs9170;SULDESTE;0.0;0.9945
obs2715;SUL;0.0;0.8927
obs4099;SUL;0.0;0.9796
obs8593;NORDESTE;0.0;0.9858
obs4360;NORTE;0.0;0.967
obs9590;NORDESTE;0.0;0.9762
obs2241;SULDESTE;0.0;0.9664
obs3018;SULDESTE;0.0;0.9998
obs8743;SULDESTE;0.0;0.9982
obs1455;SULDESTE;0.0;0.98
obs4464;SULDESTE;0.0;0.9398
obs5601;SULDESTE;0.0;0.9523
obs1201;NORDESTE;0.0;0.9595
obs126;SULDESTE;0.0;0.9359
obs8067;SULDESTE;0.0;0.9967
obs3513;NORDESTE;0.0;0.9997
obs831;NORDESTE;0.0;0.949
obs1654;SUL;0.0;0.9555
obs7052;SULDESTE;0.0;0.9581
obs7112;SUL;0.0;0.983
obs5921;SULDESTE;0.0;0.9846
obs8538;SUL;0.0;0.969
obs8341;SULDESTE;0.0;0.9641
obs8691;CENTRO-OESTE;0.0;0.9517
obs747;SUL;0.0;0.9932
obs6755;NORDESTE;0.0;0.9996
obs2830;SUL;0.0;0.996
obs2790;NORDESTE;0.0;0.9709
obs2260;SULDESTE;0.0;0.9997
obs1664;SULDESTE;0.0;0.9874
obs4060;SULDESTE;0.0;0.9907
obs6814;SUL;0.0;0.9974
obs3461;SULDESTE;0.0;0.9908
obs5495;SUL;0.0;0.9944
obs3517;NORDESTE;0.0;0.9994
obs3850;SUL;0.0;0.9922
obs2829;SUL;0.0;0.9829
obs436;SUL;0.0;0.9093
obs3732;SUL;0.0;0.9326
obs13;CENTRO-OESTE;0.0;0.9987
obs7622;SULDESTE;0.0;0.9904
obs1212;SULDESTE;0.0;0.9857
obs5936;SULDESTE;0.0;0.9959
obs3316;SULDESTE;0.0;0.8812
obs3571;SUL;0.0;0.9993
obs1571;NORDESTE;0.0;0.9987
obs6485;SULDESTE;0.0;0.9979
obs5837;SULDESTE;0.0;0.9601
obs8387;SULDESTE;0.0;0.9898
obs2772;SULDESTE;0.0;0.988
obs4520;SULDESTE;0.0;0.9719
obs41;SULDESTE;0.0;0.9743
obs3696;SUL;0.0;0.9992
obs394;SUL;0.0;0.9999
obs6187;NORDESTE;0.0;0.9885
obs236;CENTRO-OESTE;0.0;0.9428
obs6573;SUL;0.0;0.9434
obs1884;SUL;0.0;0.9797
obs3305;SULDESTE;0.0;0.9478
obs9513;SUL;0.0;0.9975
obs7403;SULDESTE;0.0;0.969
obs4300;SUL;0.0;0.9752
obs2162;SUL;0.0;0.9991
obs669;SUL;0.0;0.9878
obs3757;SUL;0.0;0.9929
obs4577;SULDESTE;0.0;0.983
obs818;NORDESTE;0.0;0.9958
obs8801;SULDESTE;0.0;0.9529
obs2178;SULDESTE;0.0;0.9925
obs7585;SUL;0.0;0.9985
obs5135;SULDESTE;0.0;0.9863
obs3067;SULDESTE;0.0;0.9951
obs6148;SULDESTE;0.0;0.9968
obs9258;NORDESTE;0.0;0.9044
obs3725;SULDESTE;0.0;0.9992
obs6315;SUL;1.0;0.8003
obs5616;CENTRO-OESTE;0.0;0.9947
obs3424;SUL;0.0;0.9913
obs4463;SUL;0.0;0.9981
obs9279;NORDESTE;0.0;0.9938
obs7205;NORDESTE;0.0;0.9654
obs1840;NORDESTE;0.0;0.9988
obs4458;NORDESTE;0.0;0.9984
obs8311;NORDESTE;0.0;0.9411
obs1503;NORDESTE;0.0;0.9861
obs6432;SULDESTE;1.0;0.9929
obs4639;NORDESTE;0.0;0.9999
obs8013;SUL;0.0;0.9904
obs4651;SULDESTE;0.0;0.9676
obs1470;CENTRO-OESTE;0.0;0.9944
obs306;NORDESTE;0.0;0.9831
obs3909;SULDESTE;0.0;0.9987
obs27;SUL;0.0;0.9627
obs5207;SULDESTE;0.0;0.9998
obs8403;SUL;0.0;0.9967
obs324;NORDESTE;0.0;0.8576
obs3718;CENTRO-OESTE;0.0;0.999
obs5472;SULDESTE;0.0;0.9486
obs3406;CENTRO-OESTE;0.0;0.9945
obs4544;NORDESTE;0.0;0.9991
obs9718;SUL;0.0;0.8096
obs2102;SULDESTE;0.0;0.9987
obs6434;SULDESTE;0.0;0.9997
obs776;CENTRO-OESTE;0.0;0.9944
obs7209;SULDESTE;0.0;0.9446
obs4548;SULDESTE;0.0;0.9994
obs4945;SUL;0.0;0.9887
obs8608;SULDESTE;0.0;0.9824
obs1215;SUL;0.0;0.9772
obs1229;SULDESTE;0.0;0.9795
obs1683;NORDESTE;0.0;0.9203
obs2131;SULDESTE;0.0;0.9994
obs7763;SULDESTE;0.0;0.9685
obs4513;NORDESTE;0.0;0.9971
obs7361;NORDESTE;1.0;0.7909
obs5704;NORTE;0.0;0.9919
obs8018;NORDESTE;0.0;0.9236
obs3609;SULDESTE;0.0;0.9896
obs8589;SULDESTE;0.0;0.9875
obs9146;NORDESTE;0.0;0.9882
obs1467;SULDESTE;0.0;0.9884
obs5317;SULDESTE;0.0;0.9976
obs3225;NORDESTE;0.0;0.9992
obs6352;SULDESTE;0.0;0.9597
obs7266;NORDESTE;0.0;0.9931
obs1001;SUL;0.0;0.9839
obs5289;SULDESTE;0.0;0.9471
obs2938;SUL;0.0;0.9924
obs3138;SUL;0.0;0.9445
obs4424;CENTRO-OESTE;0.0;0.9975
obs9849;NORDESTE;0.0;0.9997
obs902;NORTE;0.0;0.9712
obs660;SUL;0.0;0.9739
obs5767;CENTRO-OESTE;0.0;0.9987
obs2405;SULDESTE;0.0;0.9401
obs4005;NORDESTE;0.0;0.9747
obs3135;SULDESTE;0.0;0.9795
obs2648;SULDESTE;0.0;0.9744
obs636;NORDESTE;0.0;0.9601
obs1987;NORDESTE;0.0;0.9699
obs8583;SULDESTE;0.0;0.9998
obs9489;SUL;0.0;0.9541
obs4768;CENTRO-OESTE;0.0;0.9901
obs1845;SULDESTE;0.0;0.9959
obs739;SULDESTE;0.0;0.9956
obs7828;NORDESTE;0.0;0.9838
obs5144;SULDESTE;0.0;0.9946
obs1990;SULDESTE;0.0;0.9839
obs4379;SULDESTE;0.0;0.9887
obs5223;SULDESTE;0.0;0.9747
obs131;SULDESTE;0.0;0.9944
obs6907;SUL;0.0;0.9292
obs3242;SUL;0.0;0.943
obs1153;SULDESTE;0.0;0.9918
obs7984;NORDESTE;0.0;0.9404
obs4661;SUL;0.0;0.968
obs382;SUL;0.0;0.9816
obs6426;SULDESTE;0.0;0.999
obs2391;SULDESTE;0.0;0.9916
obs7845;SUL;0.0;0.9666
obs6571;CENTRO-OESTE;0.0;0.9001
obs5044;NORTE;0.0;0.9997
obs5106;SULDESTE;0.0;0.9718
obs865;NORDESTE;0.0;0.9957
obs5120;NORDESTE;0.0;0.9174
obs2866;SULDESTE;0.0;0.8899
obs8136;SUL;0.0;0.9786
obs5691;NORDESTE;0.0;0.9607
obs4579;SULDESTE;0.0;0.9995
obs9273;NORDESTE;0.0;0.9634
obs6212;SUL;0.0;0.9546
obs8647;NORDESTE;0.0;0.9746
obs6997;NORDESTE;0.0;0.9975
obs1989;SULDESTE;0.0;0.9865
obs5018;SULDESTE;0.0;0.9811
obs8186;SUL;0.0;0.9871
obs6251;SULDESTE;0.0;0.9962
obs5209;SULDESTE;0.0;0.992
obs544;SULDESTE;0.0;0.9976
obs3918;NORTE;0.0;0.9538
obs9670;SUL;0.0;0.961
obs3035;SUL;0.0;0.9836
obs9216;NORDESTE;0.0;0.7951
obs5852;CENTRO-OESTE;0.0;0.9873
obs6666;SULDESTE;0.0;0.9999
obs7750;SULDESTE;0.0;0.8638
obs5359;SUL;0.0;0.9977
obs7502;SUL;0.0;0.8917
obs3048;NORDESTE;0.0;0.8774
obs2202;SULDESTE;0.0;0.9947
obs4121;CENTRO-OESTE;0.0;0.9895
obs3828;NORDESTE;0.0;0.9984
obs9181;NORDESTE;0.0;0.9279
obs5844;SULDESTE;0.0;0.981
obs7066;SULDESTE;1.0;0.9305
obs471;NORDESTE;0.0;0.974
obs7409;SULDESTE;0.0;0.9754
obs9563;CENTRO-OESTE;0.0;0.9993
obs7229;CENTRO-OESTE;0.0;0.9758
obs2702;NORDESTE;0.0;0.9897
obs4640;SUL;0.0;0.9948
obs4037;SUL;0.0;0.9766
obs4154;SUL;0.0;0.9676
obs3920;SUL;0.0;0.9919
obs3702;NORDESTE;0.0;0.9254
obs947;NORDESTE;0.0;0.9641
obs7294;SULDESTE;0.0;0.9355
obs7734;SULDESTE;0.0;0.998
obs6302;SULDESTE;0.0;0.9996
obs230;SULDESTE;0.0;0.9858
obs9241;CENTRO-OESTE;0.0;0.9969
obs965;SULDESTE;0.0;0.9997
obs7581;SULDESTE;0.0;0.9991
obs1026;SUL;0.0;0.9597
obs8861;SUL;0.0;0.9078
obs8746;NORDESTE;0.0;0.9943
obs5188;SULDESTE;0.0;0.9918
obs3329;CENTRO-OESTE;0.0;0.9613
obs4484;SULDESTE;0.0;0.9995
obs7013;SULDESTE;0.0;0.9943
obs5523;NORDESTE;1.0;0.9788
obs5319;SULDESTE;0.0;0.9292
obs1392;SULDESTE;0.0;0.98
obs3537;SULDESTE;0.0;0.9984
obs4562;NORDESTE;0.0;0.9291
obs1680;SULDESTE;0.0;0.9821
obs4000;SUL;0.0;0.9917
obs9579;SULDESTE;0.0;0.9569
obs8219;SUL;0.0;0.8893
obs8303;SULDESTE;0.0;0.9987
obs9259;SUL;0.0;0.9736
obs4601;NORDESTE;0.0;0.9941
obs649;SULDESTE;0.0;0.9977
obs454;SULDESTE;0.0;0.9935
obs2894;SUL;0.0;0.9998
obs6122;SULDESTE;0.0;0.9998
obs2040;NORDESTE;0.0;0.97
obs2239;SUL;0.0;0.9885
obs3587;SUL;0.0;0.9553
obs6809;SULDESTE;0.0;0.9993
obs1450;SUL;0.0;0.9984
obs4943;NORDESTE;0.0;0.9308
obs6765;SULDESTE;0.0;0.9908
obs3149;SULDESTE;0.0;0.9996
obs7495;SULDESTE;0.0;0.9896
obs8974;SULDESTE;0.0;0.997
obs1485;SUL;0.0;0.9954
obs4467;SUL;0.0;0.9681
obs2285;SULDESTE;0.0;0.9726
obs1165;SUL;0.0;0.8623
obs3172;SUL;0.0;0.9602
obs6950;SUL;0.0;0.8607
obs9551;CENTRO-OESTE;0.0;0.9457
obs3167;SULDESTE;0.0;0.9856
obs3740;NORDESTE;0.0;0.9664
obs5920;NORDESTE;1.0;0.9123
obs6712;SULDESTE;0.0;0.9998
obs9335;SUL;0.0;0.9935
obs2001;NORDESTE;0.0;0.969
obs9385;SULDESTE;0.0;0.9866
obs1497;SULDESTE;0.0;0.9995
obs500;SULDESTE;0.0;0.999
obs2235;NORDESTE;0.0;0.9762
obs2381;SUL;0.0;0.9785
obs5992;SULDESTE;0.0;0.9928
obs5157;SULDESTE;0.0;0.9455
obs7219;NORDESTE;0.0;0.9511
obs4084;SULDESTE;0.0;0.9945
obs5014;SUL;0.0;0.7055
obs6895;NORTE;0.0;0.9887
obs3783;SULDESTE;0.0;0.9914
obs6066;SULDESTE;0.0;0.9993
obs3815;SULDESTE;0.0;0.9931
obs7534;SULDESTE;0.0;0.9997
obs9309;SUL;0.0;0.9976
obs7496;NORTE;0.0;0.9839
obs2097;SULDESTE;0.0;0.9958
obs1403;SULDESTE;0.0;0.9996
obs7803;CENTRO-OESTE;0.0;0.9873
obs4604;NORDESTE;0.0;0.9085
obs1422;SULDESTE;0.0;0.9996
obs1237;NORDESTE;0.0;0.9759
obs5376;SULDESTE;0.0;0.9194
obs5895;SULDESTE;0.0;0.9398
obs4491;SUL;0.0;0.8296
obs2630;NORTE;0.0;0.9815
obs8950;NORTE;0.0;0.9863
obs6585;SULDESTE;0.0;0.9974
obs4616;CENTRO-OESTE;0.0;0.9961
obs7317;CENTRO-OESTE;0.0;0.8644
obs6945;SULDESTE;0.0;0.9888
obs184;SULDESTE;0.0;0.999
obs8180;NORDESTE;0.0;0.9519
obs2666;SULDESTE;0.0;0.9483
obs1207;SUL;0.0;0.9599
obs8148;NORTE;0.0;0.9941
obs9223;SULDESTE;0.0;0.9327
obs7575;SULDESTE;0.0;0.9978
obs1218;SULDESTE;0.0;0.998
obs8539;CENTRO-OESTE;0.0;0.9994
obs3795;CENTRO-OESTE;0.0;0.965
obs9584;SULDESTE;0.0;0.9914
obs3652;SULDESTE;0.0;0.9847
obs4255;SULDESTE;0.0;0.993
obs441;SULDESTE;0.0;0.9991
obs1930;SULDESTE;1.0;0.9398
obs6060;NORDESTE;0.0;0.9531
obs4799;SUL;0.0;0.9968
obs7956;NORDESTE;0.0;0.9983
obs2217;SULDESTE;0.0;0.9997
obs424;NORDESTE;0.0;0.9973
obs2120;SUL;0.0;0.9863
obs5510;CENTRO-OESTE;0.0;0.9987
obs1951;CENTRO-OESTE;0.0;0.9344
obs2366;NORTE;0.0;0.9709
obs7712;SUL;0.0;0.9445
obs7118;SULDESTE;0.0;0.9879
obs6911;CENTRO-OESTE;0.0;0.9963
obs8852;SUL;0.0;0.9997
obs2494;SULDESTE;0.0;0.9726
obs3151;NORDESTE;0.0;0.992
obs4450;SULDESTE;0.0;0.9991
obs7922;NORDESTE;0.0;0.9711
obs8334;SULDESTE;0.0;0.9752
obs967;NORDESTE;0.0;0.9988
obs2967;CENTRO-OESTE;0.0;0.9275
obs5156;SULDESTE;0.0;0.9504
obs6981;CENTRO-OESTE;0.0;0.9361
obs5290;NORTE;0.0;0.9789
obs3414;SULDESTE;0.0;0.9203
obs7727;NORDESTE;0.0;0.9605
obs875;SULDESTE;0.0;0.9682
obs6260;SULDESTE;0.0;0.998
obs824;SUL;0.0;0.9787
obs6101;NORDESTE;0.0;0.9951
obs2234;SULDESTE;0.0;0.9998
obs7185;CENTRO-OESTE;1.0;0.9823
obs7366;NORDESTE;0.0;0.9976
obs6311;SULDESTE;0.0;0.9996
obs3674;NORDESTE;0.0;0.9857
obs5611;NORTE;0.0;0.995
obs1061;SUL;0.0;0.974
obs1262;SUL;0.0;0.9195
obs5538;SULDESTE;0.0;0.9992
obs4215;SUL;0.0;0.9968
obs5260;SULDESTE;0.0;0.9972
obs3011;NORDESTE;0.0;0.6419
obs2324;NORTE;0.0;0.9354
obs2819;NORDESTE;0.0;0.981
obs1818;SULDESTE;0.0;0.9447
obs1764;NORDESTE;1.0;0.8303
obs2287;SULDESTE;0.0;0.9997
obs7444;NORTE;0.0;0.9978
obs2552;CENTRO-OESTE;0.0;0.9844
obs3253;SULDESTE;0.0;0.9649
obs1914;NORDESTE;0.0;0.9754
obs4679;NORTE;0.0;0.9966
obs8024;CENTRO-OESTE;0.0;0.9297
obs4354;SULDESTE;0.0;0.999
obs3794;NORTE;0.0;0.9955
obs8099;SUL;0.0;0.9609
obs9113;SULDESTE;0.0;0.9986
obs3499;SULDESTE;0.0;0.9989
obs8874;NORDESTE;0.0;0.9662
obs6735;NORDESTE;0.0;0.9998
obs3103;NORDESTE;0.0;0.9249
obs6637;NORDESTE;0.0;0.9935
obs9136;SULDESTE;0.0;0.9786
obs495;NORDESTE;0.0;0.9998
obs5431;NORDESTE;0.0;0.9934
obs9182;SUL;0.0;0.8884
obs5566;SULDESTE;0.0;0.9971
obs348;SULDESTE;0.0;0.9305
obs3037;SULDESTE;0.0;0.9993
obs5868;SULDESTE;0.0;0.9956
obs9454;SULDESTE;0.0;0.9916
obs1482;NORDESTE;1.0;0.9558
obs7202;SULDESTE;0.0;0.9764
obs2032;SULDESTE;0.0;0.9993
obs6993;SUL;0.0;0.9955
obs488;NORDESTE;0.0;0.9226
obs3449;NORDESTE;0.0;0.9802
obs8996;SULDESTE;0.0;0.997
obs172;NORDESTE;0.0;0.9668
obs345;SULDESTE;0.0;0.9645
obs8068;NORDESTE;0.0;0.9835
obs5871;SULDESTE;0.0;0.9829
obs1546;NORDESTE;0.0;0.9631
obs7492;SULDESTE;0.0;0.9995
obs2816;SULDESTE;0.0;0.9866
obs7004;SULDESTE;0.0;0.9773
obs357;SULDESTE;0.0;0.9993
obs8207;CENTRO-OESTE;0.0;0.9998
obs3960;NORDESTE;0.0;0.9989
obs451;NORDESTE;0.0;0.9826
obs1863;NORDESTE;0.0;0.974
obs9452;SULDESTE;0.0;0.9934
obs9573;NORTE;0.0;0.9871
obs8451;SUL;0.0;0.9924
obs5430;SUL;0.0;0.9545
obs8388;SULDESTE;0.0;0.9906
obs7796;NORDESTE;0.0;0.984
obs8609;SUL;0.0;0.9987
obs1419;SULDESTE;0.0;0.9938
obs7223;SUL;0.0;0.9987
obs7596;SUL;0.0;0.9989
obs7349;CENTRO-OESTE;0.0;0.9384
obs1756;SUL;0.0;0.8775
obs494;CENTRO-OESTE;0.0;0.9796
obs7881;SULDESTE;0.0;0.9962
obs44;SUL;0.0;0.9688
obs1263;SULDESTE;0.0;0.9846
obs6912;SULDESTE;0.0;0.9927
obs486;SUL;0.0;0.9764
obs8587;NORDESTE;0.0;0.9504
obs1715;NORDESTE;1.0;0.9616
obs8765;SUL;0.0;0.9951
obs1188;NORDESTE;0.0;0.9984
obs1943;CENTRO-OESTE;0.0;0.9887
obs5231;NORDESTE;0.0;0.9967
obs373;NORDESTE;0.0;0.9568
obs4348;CENTRO-OESTE;0.0;0.9976
obs5842;CENTRO-OESTE;0.0;0.9977
obs8396;NORDESTE;0.0;0.9982
obs8505;SULDESTE;0.0;0.9972
obs1760;NORDESTE;0.0;0.9959
obs2836;NORDESTE;0.0;0.983
obs42;SULDESTE;0.0;0.9938
obs5660;SULDESTE;0.0;0.9992
obs9701;CENTRO-OESTE;1.0;0.8059
obs5558;SULDESTE;0.0;0.9703
obs4168;SULDESTE;0.0;0.9884
obs7262;SUL;0.0;0.9971
obs5467;SULDESTE;0.0;0.9982
obs8478;SUL;0.0;0.9999
obs1358;NORDESTE;0.0;0.9965
obs5016;SULDESTE;0.0;0.9529
obs1748;SULDESTE;0.0;0.9998
obs4828;NORDESTE;0.0;0.7075
obs4542;NORTE;0.0;0.9963
obs5740;CENTRO-OESTE;0.0;0.9217
obs7949;NORDESTE;0.0;0.9903
obs1678;SULDESTE;0.0;0.9997
obs5867;SULDESTE;0.0;0.9996
obs5335;SULDESTE;0.0;0.9653
obs5914;NORDESTE;0.0;0.9901
obs5628;SULDESTE;0.0;0.9891
obs6811;NORDESTE;0.0;0.9627
obs1830;SUL;0.0;0.9246
obs7183;SULDESTE;0.0;0.9995
obs7894;SULDESTE;0.0;0.9921
obs836;NORTE;0.0;0.9916
obs3345;SULDESTE;0.0;0.9941
obs14;NORDESTE;0.0;0.931
obs7957;CENTRO-OESTE;0.0;0.9324
obs5862;SULDESTE;0.0;0.9972
obs1313;SULDESTE;0.0;0.9999
obs4505;NORDESTE;0.0;0.8473
obs3179;NORTE;0.0;0.9497
obs4716;SULDESTE;0.0;0.9313
obs3140;SUL;0.0;0.9999
obs3614;SULDESTE;0.0;0.9684
obs7676;SUL;0.0;0.9919
obs6397;CENTRO-OESTE;0.0;0.9864
obs3120;SUL;0.0;0.9552
obs5351;CENTRO-OESTE;0.0;0.9265
obs4350;SULDESTE;0.0;0.9744
obs5639;SUL;1.0;0.922
obs7861;NORTE;0.0;0.9952
obs4316;SULDESTE;0.0;0.9915
obs874;SULDESTE;0.0;0.995
obs3947;NORDESTE;0.0;0.977
obs1553;SULDESTE;0.0;0.9404
obs6613;SUL;1.0;0.7287
obs3856;SUL;0.0;0.963
obs8789;NORTE;1.0;0.9481
obs3989;SULDESTE;0.0;0.9998
obs9349;NORDESTE;1.0;0.6113
obs1035;SUL;0.0;0.9178
obs322;SULDESTE;0.0;0.9909
obs4018;SUL;0.0;0.9148
obs4063;SULDESTE;0.0;0.9997
obs363;NORDESTE;0.0;0.96
obs4976;SUL;0.0;0.9545
obs1449;SULDESTE;0.0;0.9992
obs8100;CENTRO-OESTE;0.0;0.9102
obs4864;SUL;0.0;0.9993
obs850;SULDESTE;0.0;0.9978
obs5881;NORDESTE;1.0;0.8928
obs4471;NORTE;0.0;0.9623
obs6563;NORDESTE;1.0;0.7019
obs2942;SUL;0.0;0.9852
obs8271;SUL;0.0;0.9508
obs2428;SULDESTE;0.0;0.9984
obs4648;SULDESTE;0.0;0.9952
obs339;SUL;0.0;0.9827
obs3317;SULDESTE;0.0;0.9926
obs2348;NORTE;0.0;0.9863
obs9163;NORDESTE;0.0;0.9851
obs5778;SULDESTE;0.0;0.9962
obs5492;SULDESTE;0.0;0.9945
obs1444;SUL;0.0;0.9988
obs8199;SUL;0.0;0.9868
obs3471;NORTE;0.0;0.9994
obs5432;SULDESTE;0.0;0.9995
obs735;SUL;0.0;0.9985
obs3558;SULDESTE;0.0;0.9373
obs372;SUL;0.0;0.983
obs3463;NORDESTE;0.0;0.9232
obs9026;SULDESTE;0.0;0.9916
obs8897;NORDESTE;0.0;0.9921
obs6936;SULDESTE;0.0;0.9998
obs7952;SUL;0.0;0.9772
obs9576;SULDESTE;0.0;0.9508
obs1363;CENTRO-OESTE;0.0;0.9609
obs3252;SULDESTE;0.0;0.9994
obs2041;CENTRO-OESTE;0.0;0.9985
obs8212;NORDESTE;0.0;0.9936
obs1793;SULDESTE;0.0;0.967
obs1617;NORDESTE;0.0;0.9332
obs1203;SULDESTE;0.0;0.9553
obs2115;CENTRO-OESTE;0.0;0.9569
obs279;SULDESTE;0.0;0.9643
obs4448;CENTRO-OESTE;0.0;0.9926
obs7804;CENTRO-OESTE;0.0;0.9851
obs58;CENTRO-OESTE;0.0;0.9838
obs1739;SULDESTE;0.0;0.981
obs2223;SUL;0.0;0.9925
obs5408;SULDESTE;0.0;0.9895
obs3556;NORDESTE;0.0;0.7942
obs1156;SULDESTE;0.0;0.9901
obs7908;SULDESTE;0.0;0.9871
obs2937;SUL;0.0;0.9994
obs4589;CENTRO-OESTE;0.0;0.9975
obs6068;SULDESTE;0.0;0.9858
obs8832;SULDESTE;0.0;0.9956
obs8126;SUL;0.0;0.9782
obs7748;SULDESTE;0.0;0.9973
obs5078;SUL;0.0;0.9993
obs3810;CENTRO-OESTE;0.0;0.9995
obs351;SUL;0.0;0.9879
obs6449;NORDESTE;0.0;0.9578
obs8600;SUL;0.0;0.9533
obs9321;SUL;0.0;0.9896
obs674;SULDESTE;0.0;0.9574
obs6920;NORTE;0.0;0.9934
obs7428;SUL;0.0;0.9927
obs2528;NORDESTE;0.0;0.9912
obs7595;SULDESTE;0.0;0.9998
obs4745;SULDESTE;0.0;0.996
obs301;NORDESTE;0.0;0.998
obs4325;NORTE;0.0;0.9945
obs6607;NORTE;0.0;0.9882
obs771;NORDESTE;0.0;0.9653
obs5748;SUL;0.0;0.9993
obs5939;NORDESTE;0.0;0.9877
obs2899;NORDESTE;0.0;0.9788
obs5394;NORDESTE;0.0;0.991
obs150;NORDESTE;0.0;0.9722
obs2357;NORDESTE;0.0;0.9907
obs4065;CENTRO-OESTE;0.0;0.9855
obs7955;NORDESTE;0.0;0.9833
obs1184;NORDESTE;0.0;0.9987
obs1393;SUL;0.0;0.9665
obs6014;SUL;0.0;0.9986
obs758;SULDESTE;0.0;0.9975
obs3816;NORTE;0.0;0.9826
obs4752;SULDESTE;0.0;0.999
obs4313;NORDESTE;0.0;0.9919
obs8891;SUL;0.0;0.9939
obs5547;NORDESTE;0.0;0.9944
obs2575;SULDESTE;0.0;0.9996
obs340;NORTE;0.0;0.9635
obs1198;NORDESTE;0.0;0.9938
obs558;SULDESTE;0.0;0.9752
obs3765;NORDESTE;0.0;0.8185
obs6035;NORDESTE;0.0;0.9979
obs2389;NORDESTE;0.0;0.9822
obs2039;SUL;0.0;0.8698
obs1227;SULDESTE;0.0;0.9963
obs563;CENTRO-OESTE;0.0;0.9426
obs2964;CENTRO-OESTE;0.0;0.9805
obs8441;NORTE;1.0;0.9527
obs4366;SULDESTE;0.0;0.9989
obs1696;SULDESTE;0.0;0.9599
obs2274;SULDESTE;0.0;0.9977
obs6496;NORDESTE;0.0;0.9472
obs7134;SUL;0.0;0.9328
obs2055;NORDESTE;0.0;0.9942
obs2387;NORDESTE;0.0;0.9535
obs7465;NORTE;0.0;0.992
obs9481;SULDESTE;0.0;0.9914
obs5201;SUL;0.0;0.9866
obs8997;SULDESTE;0.0;0.9853
obs3707;SULDESTE;0.0;0.9709
obs2183;NORDESTE;0.0;0.9921
obs3766;SULDESTE;0.0;0.991
obs8254;CENTRO-OESTE;0.0;0.9994
obs79;SULDESTE;0.0;0.9998
obs5271;NORDESTE;0.0;0.9976
obs1132;CENTRO-OESTE;0.0;0.9933
obs618;NORDESTE;0.0;0.9379
obs5847;NORTE;0.0;0.989
obs1175;SULDESTE;0.0;0.9924
obs7379;CENTRO-OESTE;0.0;0.9837
obs764;NORTE;0.0;0.9713
obs2612;CENTRO-OESTE;0.0;0.9866
obs6082;SULDESTE;0.0;0.9988
obs2977;SUL;0.0;0.9944
obs6359;SULDESTE;0.0;0.9989
obs8214;NORDESTE;0.0;0.978
obs2591;NORDESTE;0.0;0.8023
obs6539;SULDESTE;0.0;0.8615
obs3633;NORDESTE;0.0;0.9658
obs7255;SUL;0.0;0.9976
obs5996;SULDESTE;0.0;0.9569
obs9270;NORTE;0.0;0.9308
obs1479;SULDESTE;0.0;0.977
obs7165;SULDESTE;0.0;0.9919
obs6532;NORTE;0.0;0.999
obs3360;SUL;0.0;0.862
obs1353;SUL;0.0;0.9881
obs1492;SULDESTE;0.0;0.9958
obs3509;NORDESTE;0.0;0.9894
obs608;NORTE;0.0;0.9999
obs1955;NORDESTE;0.0;0.8342
obs6050;NORTE;0.0;0.9824
obs1424;SUL;0.0;0.9367
obs8532;SUL;0.0;0.9649
obs130;NORTE;0.0;0.8833
obs6062;SUL;0.0;0.9996
obs2787;NORTE;0.0;0.9953
obs4860;SUL;0.0;0.9543
obs1537;SULDESTE;0.0;0.9767
obs5900;NORTE;0.0;0.9311
obs5301;SUL;0.0;0.9902
obs5022;NORTE;0.0;0.9987
obs2517;SULDESTE;0.0;0.9996
obs7471;SULDESTE;0.0;0.9979
obs7410;SULDESTE;0.0;0.9999
obs86;SULDESTE;0.0;0.9875
obs6461;NORDESTE;0.0;0.9951
obs384;SUL;0.0;0.9875
obs3039;SULDESTE;0.0;0.9968
obs1448;SUL;0.0;0.8663
obs2279;SULDESTE;0.0;0.9625
obs1421;NORDESTE;0.0;0.9916
obs8105;CENTRO-OESTE;0.0;0.9636
obs4741;SUL;0.0;0.9613
obs2262;NORDESTE;0.0;0.7368
obs795;SULDESTE;0.0;0.9748
obs4025;NORDESTE;0.0;0.9907
obs9302;SULDESTE;0.0;0.9859
obs8585;SULDESTE;0.0;0.9988
obs4066;SULDESTE;0.0;0.9367
obs2627;CENTRO-OESTE;0.0;0.9992
obs8588;SULDESTE;0.0;0.997
obs1386;SULDESTE;0.0;0.9949
obs5863;SULDESTE;0.0;0.9999
obs4359;NORTE;0.0;0.9863
obs3789;NORTE;0.0;0.9399
obs4220;SULDESTE;0.0;0.9867
obs2918;SULDESTE;0.0;0.9856
obs762;SUL;0.0;0.9997
obs6860;NORTE;0.0;0.9856
obs1295;NORDESTE;0.0;0.9514
obs9433;NORDESTE;0.0;0.9275
obs3521;CENTRO-OESTE;0.0;0.9963
obs6733;NORDESTE;0.0;0.8845
obs9845;SULDESTE;0.0;0.9607
obs8693;SULDESTE;0.0;0.9929
obs3182;NORDESTE;0.0;0.9966
obs7904;NORDESTE;0.0;0.8508
obs2838;NORDESTE;0.0;0.9967
obs7148;SULDESTE;0.0;0.9992
obs2804;CENTRO-OESTE;0.0;0.9234
obs132;SUL;0.0;0.9761
obs848;SULDESTE;0.0;0.9968
obs8867;SUL;0.0;0.9772
obs9804;CENTRO-OESTE;0.0;0.9803
obs3110;SUL;0.0;0.9977
obs9347;NORDESTE;0.0;0.9793
obs5010;SULDESTE;0.0;0.9988
obs5442;SULDESTE;0.0;0.9589
obs7254;SUL;0.0;0.8934
obs8962;SULDESTE;0.0;0.9996
obs2865;NORDESTE;0.0;0.9763
obs2701;SULDESTE;0.0;0.9999
obs8409;SUL;0.0;0.9892
obs5181;SULDESTE;0.0;0.9581
obs4062;NORDESTE;0.0;0.9876
obs1127;SUL;0.0;0.9707
obs820;NORDESTE;0.0;0.9966
obs3904;SULDESTE;0.0;0.9778
obs1769;SUL;0.0;0.9915
obs9324;SUL;0.0;0.9997
obs5911;NORTE;1.0;0.9924
obs9274;NORDESTE;0.0;0.9976
obs2299;SULDESTE;0.0;0.9951
obs8649;SULDESTE;0.0;0.9615
obs8290;SULDESTE;0.0;0.9753
obs6069;NORDESTE;0.0;0.9471
obs8594;NORDESTE;0.0;0.9983
obs6768;SULDESTE;0.0;0.9995
obs1974;NORDESTE;0.0;0.9816
obs5666;SUL;0.0;0.9921
obs5455;SULDESTE;0.0;0.9943
obs7645;NORTE;0.0;0.9535
obs4088;NORDESTE;0.0;0.9755
obs4326;NORTE;0.0;0.9765
obs6097;SUL;0.0;0.999
obs5235;NORDESTE;0.0;0.9922
obs499;CENTRO-OESTE;0.0;0.9084
obs411;SULDESTE;0.0;0.9831
obs9138;SULDESTE;0.0;0.9236
obs8949;SUL;0.0;0.9908
obs9305;SULDESTE;0.0;0.9982
obs2430;SULDESTE;0.0;0.9987
obs3455;SULDESTE;0.0;0.9998
obs5494;CENTRO-OESTE;0.0;0.9562
obs1935;SULDESTE;0.0;0.9956
obs7610;SULDESTE;0.0;0.9641
obs1321;SULDESTE;0.0;0.9749
obs5583;SUL;0.0;0.9123
obs7016;NORDESTE;0.0;0.9899
obs1116;SUL;1.0;0.8789
obs5447;SUL;0.0;0.9647
obs1369;NORDESTE;0.0;0.9969
obs1580;SULDESTE;0.0;0.999
obs2246;SUL;0.0;0.9914
obs8798;SUL;0.0;0.9868
obs235;SULDESTE;0.0;0.9926
obs7528;SUL;0.0;0.9962
obs346;SULDESTE;0.0;0.9971
obs5854;CENTRO-OESTE;0.0;0.9874
obs3678;SUL;0.0;0.9994
obs5637;SULDESTE;0.0;0.9972
obs2576;NORTE;0.0;0.9937
obs107;SULDESTE;0.0;0.9743
obs559;NORDESTE;0.0;0.8549
obs872;SUL;0.0;0.9775
obs6355;SUL;0.0;0.9842
obs7694;CENTRO-OESTE;0.0;0.9821
obs7616;SULDESTE;0.0;0.9966
obs8781;CENTRO-OESTE;0.0;0.9966
obs7811;SULDESTE;0.0;0.999
obs4298;CENTRO-OESTE;0.0;0.9941
obs3117;SUL;0.0;0.9814
obs5797;SULDESTE;0.0;0.9957
obs2378;SULDESTE;0.0;0.9999
obs5316;NORDESTE;0.0;0.9823
obs7643;NORDESTE;0.0;0.9898
obs5606;NORTE;0.0;0.9761
obs7023;CENTRO-OESTE;0.0;0.953
obs588;SULDESTE;0.0;0.9943
obs8739;SUL;0.0;0.9645
obs4249;SULDESTE;0.0;0.9605
obs4694;SUL;0.0;0.9956
obs9490;SULDESTE;0.0;0.9984
obs7889;SULDESTE;0.0;0.9916
obs5493;SULDESTE;0.0;0.9969
obs8384;SULDESTE;0.0;0.9753
obs5635;SULDESTE;0.0;0.9907
obs2848;NORDESTE;0.0;0.8774
obs4576;NORDESTE;0.0;0.784
obs7871;SUL;0.0;0.9482
obs4746;NORDESTE;0.0;0.7286
obs8015;NORDESTE;0.0;0.9965
obs7381;SUL;0.0;0.9994
obs7063;SULDESTE;0.0;0.9846
obs2611;SULDESTE;0.0;0.8909
obs9429;NORTE;0.0;0.9931
obs1825;SUL;0.0;0.9996
obs3458;SULDESTE;0.0;0.9669
obs3346;NORDESTE;0.0;0.9993
obs2511;CENTRO-OESTE;1.0;0.997
obs4268;NORDESTE;0.0;0.9732
obs4596;SULDESTE;0.0;0.994
obs6259;SUL;0.0;0.9428
obs1903;SUL;0.0;0.9824
obs5763;SULDESTE;0.0;0.9999
obs681;NORTE;0.0;0.9468
obs8370;SUL;0.0;0.9934
obs8134;CENTRO-OESTE;0.0;0.9985
obs3351;NORDESTE;0.0;0.9159
obs5891;NORDESTE;0.0;0.9854
obs1816;NORDESTE;1.0;0.8189
obs4532;SUL;1.0;0.7875
obs2177;SULDESTE;0.0;0.9965
obs4527;SUL;0.0;0.9749
obs5212;NORDESTE;0.0;0.9979
obs4245;SULDESTE;0.0;0.999
obs1096;CENTRO-OESTE;0.0;0.9995
obs9295;SUL;0.0;0.9788
obs7267;CENTRO-OESTE;0.0;0.9068
obs554;NORTE;0.0;0.9995
obs9610;SUL;0.0;0.9831
obs3863;SULDESTE;0.0;0.979
obs8817;CENTRO-OESTE;0.0;0.99
obs1837;CENTRO-OESTE;0.0;0.9437
obs3666;SUL;0.0;0.9975
obs2750;NORDESTE;1.0;0.9791
obs3319;CENTRO-OESTE;0.0;0.9894
obs3534;NORTE;0.0;0.9457
obs5362;NORTE;0.0;0.9971
obs8205;NORDESTE;0.0;0.9981
obs1505;SUL;0.0;0.9843
obs9111;CENTRO-OESTE;0.0;0.9675
obs6031;SULDESTE;0.0;0.9765
obs7682;SULDESTE;0.0;0.9955
obs2442;NORDESTE;0.0;0.9865
obs7886;CENTRO-OESTE;0.0;0.9847
obs5020;SUL;0.0;0.9998
obs1685;NORTE;0.0;0.9987
obs4696;SULDESTE;0.0;0.9999
obs860;SULDESTE;0.0;0.9923
obs276;SULDESTE;0.0;0.9864
obs5498;SUL;0.0;0.9945
obs8336;NORDESTE;0.0;0.997
obs1337;NORDESTE;0.0;0.9985
obs8209;NORDESTE;0.0;0.9918
obs1561;NORDESTE;0.0;0.9194
obs3265;SULDESTE;0.0;0.9926
obs7427;CENTRO-OESTE;1.0;0.7938
obs933;NORTE;0.0;0.9632
obs7327;SUL;0.0;0.9997
obs2721;SULDESTE;0.0;0.9992
obs4706;SULDESTE;0.0;0.9707
obs2159;NORTE;0.0;0.9991
obs7552;NORTE;0.0;0.9533
obs4851;SULDESTE;0.0;0.9895
obs6743;SULDESTE;0.0;0.9628
obs3503;NORDESTE;0.0;0.9459
obs5230;SULDESTE;0.0;0.9181
obs5250;SULDESTE;0.0;0.9855
obs4573;SULDESTE;0.0;0.9775
obs6507;SULDESTE;0.0;0.9896
obs1836;SUL;0.0;0.9272
obs6918;SULDESTE;0.0;0.9962
obs627;SULDESTE;0.0;0.958
obs9051;SUL;0.0;0.9989
obs5062;NORDESTE;0.0;0.9343
obs3688;SULDESTE;0.0;0.9971
obs1055;SULDESTE;0.0;0.9562
obs8803;NORDESTE;0.0;0.9122
obs2590;NORDESTE;0.0;0.9995
obs7485;SUL;0.0;0.9663
obs6065;SULDESTE;0.0;0.9938
obs1357;SULDESTE;0.0;0.9997
obs247;NORDESTE;0.0;0.9703
obs4620;NORDESTE;0.0;0.9993
obs8401;NORDESTE;0.0;0.9893
obs5077;SUL;0.0;0.9953
obs4992;SULDESTE;0.0;0.9997
obs4497;SULDESTE;0.0;0.9999
obs5551;NORDESTE;0.0;0.9906
obs8770;NORDESTE;0.0;0.9978
obs7964;SULDESTE;0.0;0.9874
obs5497;SULDESTE;0.0;0.9812
obs64;SUL;0.0;0.9303
obs2125;SUL;0.0;0.9917
obs3141;NORDESTE;0.0;0.8034
obs3130;SUL;0.0;0.9601
obs7714;NORDESTE;0.0;0.9821
obs8213;SUL;0.0;0.9846
obs4530;SULDESTE;0.0;0.9706
obs6665;NORDESTE;0.0;0.9646
obs7567;SULDESTE;0.0;0.9048
obs9619;SULDESTE;0.0;0.9987
obs2634;SULDESTE;0.0;0.9998
obs3877;SUL;0.0;0.9378
obs3137;NORDESTE;0.0;0.9474
obs2404;SULDESTE;0.0;0.9797
obs3885;NORTE;0.0;0.9907
obs4367;NORTE;0.0;0.9701
obs2044;SULDESTE;1.0;0.9939
obs4137;NORDESTE;0.0;0.9862
obs2735;SUL;0.0;0.999
obs721;NORDESTE;0.0;0.9292
obs3486;CENTRO-OESTE;0.0;0.9701
obs7243;NORDESTE;0.0;0.995
obs6942;SULDESTE;0.0;0.9993
obs2810;NORDESTE;0.0;0.7659
obs2368;CENTRO-OESTE;0.0;0.9353
obs2998;SUL;0.0;0.9979
obs5052;CENTRO-OESTE;0.0;0.9755
obs5149;NORDESTE;0.0;0.9795
obs2432;SULDESTE;0.0;0.9976
obs25;SULDESTE;0.0;0.9719
obs5024;CENTRO-OESTE;0.0;0.9783
obs6420;SULDESTE;0.0;0.984
obs487;SULDESTE;0.0;0.9996
obs1478;SULDESTE;0.0;0.9993
obs4469;SULDESTE;0.0;0.9994
obs6482;SULDESTE;0.0;0.9959
obs6022;NORDESTE;0.0;0.9993
obs7041;SUL;0.0;0.9939
obs40;SULDESTE;0.0;0.9989
obs3637;NORDESTE;0.0;0.9866
obs6106;NORDESTE;0.0;0.9747
obs3310;SULDESTE;0.0;0.9252
obs6384;NORDESTE;0.0;0.986
obs3930;SULDESTE;0.0;0.9791
obs6576;SULDESTE;0.0;0.9997
obs4370;NORDESTE;0.0;0.9793
obs7051;SUL;0.0;0.9954
obs7304;SUL;0.0;0.9794
obs8769;SULDESTE;0.0;0.9953
obs5347;NORDESTE;0.0;0.9873
obs3606;CENTRO-OESTE;0.0;0.9891
obs3660;SULDESTE;0.0;0.9787
obs5485;SUL;0.0;0.8851
obs2707;SUL;0.0;0.9824
obs685;SULDESTE;0.0;0.9558
obs7725;SULDESTE;0.0;0.9885
obs3111;NORDESTE;0.0;0.9917
obs6299;SULDESTE;0.0;0.9652
obs1969;SULDESTE;0.0;0.9984
obs8256;CENTRO-OESTE;0.0;0.9485
obs1059;CENTRO-OESTE;0.0;0.9854
obs189;SULDESTE;0.0;0.9834
obs319;SULDESTE;0.0;0.9822
obs5701;CENTRO-OESTE;0.0;0.9961
obs4227;CENTRO-OESTE;0.0;0.8632
obs817;SULDESTE;0.0;0.9925
obs2250;SULDESTE;0.0;0.9977
obs1242;CENTRO-OESTE;0.0;0.9707
obs166;SULDESTE;0.0;0.9978
obs1167;CENTRO-OESTE;0.0;0.9407
obs871;SULDESTE;0.0;0.9577
obs4914;SUL;0.0;0.9983
obs7517;SULDESTE;0.0;0.9712
obs2048;SULDESTE;0.0;0.9999
obs4222;SUL;0.0;0.9937
obs9644;SULDESTE;0.0;0.9931
obs38;NORDESTE;0.0;0.9503
obs7101;CENTRO-OESTE;1.0;0.722
obs1012;NORDESTE;0.0;0.9983
obs305;NORDESTE;0.0;0.9575
obs9565;SULDESTE;1.0;0.9784
obs7850;NORDESTE;0.0;0.9607
obs1566;NORDESTE;0.0;0.7943
obs3988;NORDESTE;0.0;0.9832
obs6807;CENTRO-OESTE;0.0;0.9149
obs1200;SUL;0.0;0.9424
obs3640;SULDESTE;0.0;0.9966
obs4701;NORDESTE;0.0;0.9998
obs6444;NORDESTE;0.0;0.9979
obs8712;CENTRO-OESTE;0.0;0.868
obs9510;NORDESTE;1.0;0.7911
obs1614;CENTRO-OESTE;0.0;0.9977
obs5474;SUL;0.0;0.9188
obs4561;NORDESTE;0.0;0.9432
obs3344;SUL;0.0;0.9848
obs6234;CENTRO-OESTE;0.0;0.9933
obs2420;NORTE;0.0;0.9929
obs290;SULDESTE;0.0;0.9959
obs8537;SULDESTE;0.0;0.965
obs9308;NORDESTE;0.0;0.9601
obs5019;NORTE;0.0;0.9929
obs1893;NORDESTE;0.0;0.9611
obs746;SUL;0.0;0.9466
obs2681;SULDESTE;0.0;0.9927
obs9180;SUL;0.0;0.9739
obs571;NORDESTE;0.0;0.9991
obs862;NORTE;0.0;0.9847
obs6686;SULDESTE;0.0;0.9776
obs5032;SULDESTE;0.0;0.9558
obs7985;SUL;0.0;0.8941
obs444;NORTE;0.0;0.9993
obs478;NORDESTE;0.0;0.9878
obs3654;NORDESTE;0.0;0.9542
obs20;SULDESTE;0.0;0.9998
obs8035;SUL;0.0;0.9571
obs3340;SULDESTE;0.0;0.9983
obs329;SUL;0.0;0.9874
obs4719;NORTE;0.0;0.999
obs1973;SULDESTE;0.0;0.9567
obs3819;SUL;1.0;0.7825
obs9570;SULDESTE;0.0;0.995
obs1563;NORDESTE;0.0;0.9876
obs6543;SULDESTE;0.0;0.9949
obs4170;SULDESTE;0.0;0.9816
obs7662;SULDESTE;0.0;0.897
obs6565;SULDESTE;0.0;0.964
obs50;NORDESTE;0.0;0.9984
obs6980;SULDESTE;0.0;0.9941
obs7765;SULDESTE;0.0;0.9985
obs5574;NORDESTE;0.0;0.9973
obs652;SULDESTE;0.0;0.998
obs1158;SULDESTE;0.0;0.981
obs9006;NORTE;0.0;0.9907
obs8599;SULDESTE;0.0;0.9738
obs1985;SUL;0.0;0.9859
obs790;NORDESTE;0.0;0.9994
obs6701;NORDESTE;0.0;0.8845
obs557;NORDESTE;0.0;0.9763
obs5741;SULDESTE;0.0;0.9961
obs2773;SUL;0.0;0.9974
obs7341;NORDESTE;0.0;0.8908
obs2596;NORTE;0.0;0.9605
obs5030;NORDESTE;0.0;0.9949
obs814;SUL;0.0;0.996
obs491;SULDESTE;0.0;0.9118
obs4975;SULDESTE;0.0;0.9206
obs9364;NORDESTE;1.0;0.7932
obs3659;NORTE;0.0;0.9907
obs99;NORDESTE;0.0;0.9898
obs194;NORDESTE;0.0;0.9985
obs4866;SULDESTE;0.0;0.9993
obs9104;SUL;0.0;0.9897
obs1565;SULDESTE;0.0;0.994
obs5012;NORTE;0.0;0.9996
obs8846;NORDESTE;0.0;0.9925
obs1510;SUL;0.0;0.9747
obs3419;NORDESTE;0.0;0.9759
obs7434;NORTE;0.0;0.9864
obs7520;SULDESTE;0.0;0.997
obs6130;NORDESTE;0.0;0.9554
obs6649;SUL;0.0;0.8687
obs9063;CENTRO-OESTE;0.0;0.9893
obs3711;NORDESTE;0.0;0.9996
obs621;SULDESTE;0.0;0.9904
obs5500;SUL;0.0;0.9663
obs443;NORDESTE;0.0;0.9994
obs4158;SULDESTE;0.0;0.992
obs4932;NORTE;0.0;0.9957
obs4630;SULDESTE;0.0;0.978
obs6821;NORDESTE;0.0;0.9542
obs4849;SULDESTE;0.0;0.9938
obs4664;SULDESTE;0.0;0.9635
obs125;SULDESTE;0.0;0.9939
obs7618;SUL;0.0;0.9769
obs845;CENTRO-OESTE;0.0;0.9399
obs2435;NORDESTE;0.0;0.9843
obs8820;SULDESTE;0.0;0.9939
obs7420;SULDESTE;0.0;0.9765
obs868;NORDESTE;0.0;0.9525
obs3099;NORDESTE;1.0;0.9523
obs3767;CENTRO-OESTE;0.0;0.9972
obs5997;SULDESTE;0.0;0.9935
obs2569;SULDESTE;0.0;0.9996
obs4854;SUL;0.0;0.9995
obs753;SULDESTE;0.0;0.9994
obs3823;NORDESTE;0.0;0.9956
obs2827;NORDESTE;0.0;0.9311
obs5591;NORTE;0.0;0.9737
obs3715;NORDESTE;0.0;0.998
obs5795;SUL;0.0;0.9734
obs3557;NORDESTE;0.0;0.9818
obs2777;SULDESTE;0.0;0.976
obs3187;NORDESTE;0.0;0.9957
obs4371;SULDESTE;0.0;0.9999
obs9240;NORTE;0.0;0.9517
obs7976;CENTRO-OESTE;0.0;0.9722
obs7717;NORDESTE;0.0;0.9897
obs5105;SUL;0.0;0.9997
obs7059;SULDESTE;0.0;0.987
obs7111;SUL;0.0;0.999
obs638;SUL;0.0;0.9964
obs5368;SULDESTE;1.0;0.9761
obs458;SULDESTE;0.0;0.9995
obs5755;NORDESTE;0.0;0.9875
obs7698;SUL;0.0;0.9804
obs2359;SULDESTE;0.0;0.995
obs6772;SULDESTE;0.0;0.9974
obs9797;NORTE;0.0;0.9406
obs2380;NORDESTE;0.0;0.9587
obs4585;SULDESTE;0.0;0.9805
obs6525;SULDESTE;0.0;0.9258
obs8430;SUL;1.0;0.843
obs6870;NORDESTE;0.0;0.9837
obs5226;SULDESTE;0.0;0.9007
obs6822;CENTRO-OESTE;0.0;0.9395
obs8125;NORDESTE;0.0;0.9494
obs4673;SUL;0.0;0.9958
obs7992;CENTRO-OESTE;0.0;0.7102
obs3164;SULDESTE;0.0;0.9834
obs9438;NORTE;0.0;0.9791
obs6337;NORTE;0.0;0.9988
obs8940;NORDESTE;0.0;0.961
obs4646;SUL;0.0;0.9964
obs2084;NORDESTE;0.0;0.9922
obs2253;NORDESTE;0.0;0.9518
obs6696;SUL;0.0;0.9369
obs1671;CENTRO-OESTE;0.0;0.8616
obs8380;CENTRO-OESTE;0.0;0.9873
obs2554;NORDESTE;0.0;0.9989
obs5553;SUL;0.0;0.9819
obs4787;SULDESTE;0.0;0.9999
obs6324;NORTE;0.0;0.9691
obs5677;SULDESTE;0.0;0.9775
obs6973;SULDESTE;0.0;0.9668
obs2519;SUL;0.0;0.9986
obs3190;SUL;0.0;0.9855
obs6453;NORTE;0.0;0.9866
obs9137;SULDESTE;0.0;0.9984
obs7293;NORTE;0.0;0.9827
obs5595;CENTRO-OESTE;0.0;0.9524
obs2751;NORDESTE;0.0;0.8234
obs3007;SULDESTE;0.0;0.995
obs1223;CENTRO-OESTE;0.0;0.9841
obs3348;NORDESTE;0.0;0.7105
obs2015;NORDESTE;0.0;0.9483
obs2645;SUL;0.0;0.9926
obs3706;CENTRO-OESTE;0.0;0.9349
obs6823;NORDESTE;0.0;0.8923
obs274;SULDESTE;0.0;0.9992
obs7531;SULDESTE;0.0;0.9608
obs428;SULDESTE;0.0;0.9725
obs6448;SULDESTE;0.0;0.9911
obs2542;SUL;0.0;0.9843
obs7142;SULDESTE;0.0;0.9856
obs5682;SULDESTE;0.0;0.9928
obs4050;NORTE;0.0;0.9954
obs7699;SULDESTE;0.0;0.9964
obs5848;SULDESTE;0.0;0.9966
obs6119;SULDESTE;0.0;0.992
obs7456;SUL;0.0;0.9849
obs482;NORDESTE;0.0;0.9984
obs3813;NORTE;0.0;0.9978
obs1631;SUL;0.0;0.9145
obs9674;SULDESTE;0.0;0.9893
obs2982;NORDESTE;0.0;0.9271
obs8534;SULDESTE;0.0;0.9705
obs6249;NORDESTE;0.0;0.9905
obs1801;SUL;0.0;0.9992
obs3435;SULDESTE;0.0;0.9938
obs952;SULDESTE;0.0;0.9976
obs7776;NORDESTE;0.0;0.9927
obs4697;SULDESTE;0.0;0.9993
obs252;CENTRO-OESTE;0.0;0.9957
obs4981;SULDESTE;0.0;0.9416
obs4509;NORTE;0.0;0.9789
obs9410;NORDESTE;0.0;0.9973
obs2059;SUL;0.0;0.9461
obs1278;NORDESTE;0.0;0.995
obs201;SUL;0.0;0.9827
obs220;CENTRO-OESTE;0.0;0.9818
obs6804;SULDESTE;0.0;0.9999
obs1474;SUL;0.0;0.9998
obs6730;CENTRO-OESTE;0.0;0.9552
obs5603;SULDESTE;0.0;0.9808
obs723;SULDESTE;0.0;0.9976
obs4730;CENTRO-OESTE;0.0;0.9974
obs7693;SULDESTE;0.0;0.9826
obs882;SUL;0.0;0.9988
obs367;CENTRO-OESTE;0.0;0.9988
obs2794;SULDESTE;0.0;0.9935
obs9719;SULDESTE;0.0;0.9988
obs1724;CENTRO-OESTE;0.0;0.9944
obs1910;SULDESTE;0.0;0.9311
obs8154;NORTE;0.0;0.9343
obs9192;NORDESTE;1.0;0.7632
obs5640;SUL;0.0;0.9998
obs600;SULDESTE;0.0;0.9993
obs8027;SUL;0.0;0.9825
obs4157;SULDESTE;0.0;0.9999
obs7006;SUL;0.0;0.9994
obs7067;NORDESTE;0.0;0.9359
obs9546;SUL;1.0;0.8842
obs2483;NORDESTE;0.0;0.9927
obs2808;SULDESTE;0.0;0.9984
obs7933;NORDESTE;0.0;0.9874
obs2955;SULDESTE;0.0;0.9952
obs2635;SUL;0.0;0.9088
obs8098;NORTE;0.0;0.9532
obs3397;SUL;0.0;0.9866
obs1350;SULDESTE;0.0;0.9996
obs8731;SUL;0.0;0.9948
obs280;CENTRO-OESTE;0.0;0.9997
obs9621;SUL;0.0;0.9698
obs6683;SULDESTE;0.0;0.9976
obs6240;SUL;0.0;0.9454
obs4493;SUL;0.0;0.9717
obs1115;SULDESTE;0.0;0.9959
obs2687;SULDESTE;0.0;0.9391
obs7270;CENTRO-OESTE;0.0;0.984
obs6004;CENTRO-OESTE;0.0;0.9759
obs8373;NORDESTE;0.0;0.9105
obs5850;NORDESTE;0.0;0.9984
obs1997;SUL;0.0;0.9469
obs7652;SUL;0.0;0.9985
obs4977;SULDESTE;0.0;0.9579
obs7547;SULDESTE;0.0;0.995
obs8385;SUL;0.0;0.9904
obs8813;NORTE;0.0;0.9945
obs5357;NORDESTE;0.0;0.9712
obs930;NORDESTE;0.0;0.8342
obs6026;SUL;0.0;0.9673
obs3393;SUL;0.0;0.9816
obs3681;SUL;0.0;0.984
obs6694;SUL;0.0;0.9957
obs4461;SUL;0.0;0.9995
obs4216;NORDESTE;0.0;0.9951
obs233;CENTRO-OESTE;0.0;0.9732
obs4175;CENTRO-OESTE;0.0;0.9301
obs3501;NORDESTE;0.0;0.9921
obs2684;SULDESTE;0.0;0.993
obs3672;NORDESTE;0.0;0.9664
obs2785;SULDESTE;0.0;0.9601
obs2516;CENTRO-OESTE;0.0;0.9667
obs6688;NORDESTE;0.0;0.9623
obs6290;SUL;0.0;0.9959
obs6118;SULDESTE;0.0;0.9972
obs9236;NORDESTE;0.0;0.993
obs5894;SUL;0.0;0.9949
obs1415;SULDESTE;0.0;0.9993
obs12;SUL;0.0;0.9986
obs7166;SUL;0.0;0.9601
obs6623;CENTRO-OESTE;0.0;0.9978
obs7028;SULDESTE;0.0;0.9991
obs6978;NORDESTE;0.0;0.815
obs7467;SUL;0.0;0.9969
obs3236;CENTRO-OESTE;0.0;0.9934
obs6308;SUL;0.0;0.9467
obs4337;SULDESTE;0.0;0.9925
obs7542;NORDESTE;0.0;0.9399
obs3003;SUL;0.0;0.9937
obs5217;NORTE;0.0;0.9993
obs7898;NORDESTE;0.0;0.9326
obs8870;NORDESTE;0.0;0.999
obs7435;SULDESTE;0.0;0.9959
obs2254;SULDESTE;0.0;0.9595
obs2885;SULDESTE;0.0;0.9969
obs6550;NORDESTE;0.0;0.9937
obs9640;SUL;0.0;0.9917
obs3063;NORTE;0.0;0.9703
obs29;CENTRO-OESTE;0.0;0.9831
obs9813;SULDESTE;0.0;0.9933
obs4618;SUL;0.0;0.9955
obs4565;SUL;0.0;0.9996
obs6483;CENTRO-OESTE;0.0;0.9982
obs1177;SULDESTE;0.0;0.9974
obs7697;CENTRO-OESTE;0.0;0.9864
obs4750;NORDESTE;1.0;0.7831
obs4016;NORDESTE;0.0;0.9627
obs9636;NORTE;0.0;0.9998
obs5600;SULDESTE;0.0;0.9969
obs4877;NORDESTE;0.0;0.9925
obs9383;SUL;0.0;0.9704
obs3169;SUL;0.0;0.992
obs8502;CENTRO-OESTE;0.0;0.9738
obs2589;CENTRO-OESTE;0.0;0.9809
obs6020;NORDESTE;0.0;0.9994
obs579;SUL;0.0;0.9949
obs3971;SULDESTE;0.0;0.9811
obs7858;SULDESTE;0.0;0.9801
obs8318;CENTRO-OESTE;0.0;0.9675
obs6442;SUL;0.0;0.9976
obs8007;NORDESTE;0.0;0.9852
obs448;SULDESTE;0.0;0.9845
obs7851;SULDESTE;0.0;0.9914
obs410;SULDESTE;0.0;0.8918
obs6704;NORTE;0.0;0.9746
obs6900;SUL;0.0;0.8976
obs8915;SULDESTE;0.0;0.991
obs1104;SUL;0.0;0.9939
obs5856;SULDESTE;0.0;0.9955
obs4772;SUL;0.0;0.9986
obs5828;SUL;0.0;0.9962
obs7772;CENTRO-OESTE;0.0;0.962
obs8540;NORTE;0.0;0.9723
obs6451;NORDESTE;0.0;0.9977
obs7958;CENTRO-OESTE;0.0;0.9819
obs3448;CENTRO-OESTE;0.0;0.9427
obs4067;SUL;0.0;0.9928
obs9839;NORDESTE;0.0;0.994
obs5912;SULDESTE;0.0;0.9996
obs6590;SUL;0.0;0.9943
obs9193;NORTE;0.0;0.9526
obs6224;SUL;1.0;0.8998
obs2382;SUL;0.0;0.9961
obs785;NORDESTE;0.0;0.9949
obs433;NORDESTE;0.0;0.9146
obs9706;SUL;0.0;0.99
obs3634;SUL;0.0;0.9999
obs6392;SUL;0.0;0.9966
obs4402;NORDESTE;0.0;0.9844
obs8132;SULDESTE;0.0;0.9935
obs8361;CENTRO-OESTE;0.0;0.9742
obs3820;NORTE;0.0;0.9502
obs8096;SULDESTE;0.0;0.9587
obs4341;NORDESTE;0.0;0.862
obs6769;NORDESTE;0.0;0.9998
obs9916;SUL;0.0;0.8644
obs613;SULDESTE;0.0;0.9975
obs73;NORDESTE;0.0;0.9708
obs8576;SULDESTE;0.0;0.9992
obs4893;NORDESTE;0.0;0.9819
obs9775;SULDESTE;0.0;0.9992
obs5336;NORTE;0.0;0.986
obs9535;SULDESTE;0.0;0.9894
obs8203;SULDESTE;0.0;0.9844
obs598;SULDESTE;0.0;0.9872
obs8571;NORTE;0.0;0.992
obs7107;SUL;0.0;0.9975
obs1976;SULDESTE;0.0;0.9973
obs2793;SULDESTE;0.0;0.9786
obs3639;SULDESTE;0.0;0.998
obs938;SULDESTE;0.0;0.9995
obs4150;SULDESTE;0.0;0.9971
obs2468;SULDESTE;0.0;0.942
obs8444;CENTRO-OESTE;0.0;0.8972
obs8159;SULDESTE;0.0;0.9477
obs9702;SUL;0.0;0.8594
obs6600;SULDESTE;0.0;0.9979
obs8421;NORDESTE;0.0;0.9986
obs7950;NORDESTE;0.0;0.9995
obs9396;CENTRO-OESTE;0.0;0.9891
obs8106;SULDESTE;0.0;0.9984
obs2924;SULDESTE;0.0;0.9834
obs7288;SULDESTE;0.0;0.9743
obs1305;SULDESTE;0.0;0.9844
obs9869;SULDESTE;0.0;0.9992
obs6882;SULDESTE;0.0;0.9757
obs196;SULDESTE;0.0;0.9872
obs5448;SULDESTE;0.0;0.9937
obs2631;SULDESTE;0.0;0.9986
obs4118;SULDESTE;0.0;0.9703
obs7752;NORDESTE;0.0;0.9996
obs2463;CENTRO-OESTE;1.0;0.7233
obs7666;NORTE;0.0;0.9878
obs5569;SULDESTE;0.0;0.9994
obs2670;CENTRO-OESTE;0.0;0.9525
obs4107;SUL;0.0;0.9773
obs3595;NORDESTE;0.0;0.7509
obs730;SULDESTE;0.0;0.9976
obs4006;SULDESTE;0.0;0.9998
obs8383;SULDESTE;0.0;0.9938
obs3694;CENTRO-OESTE;0.0;0.9995
obs3412;NORDESTE;0.0;0.9992
obs7792;NORDESTE;0.0;0.9528
obs2717;NORDESTE;0.0;0.9991
obs1927;CENTRO-OESTE;0.0;0.9997
obs6073;SULDESTE;0.0;0.9996
obs8616;NORDESTE;0.0;0.9958
obs2056;CENTRO-OESTE;0.0;0.9533
obs4948;SULDESTE;0.0;0.9586
obs8605;NORDESTE;0.0;0.8859
obs5267;NORTE;0.0;0.9971
obs6990;NORDESTE;0.0;0.9782
obs7647;SUL;0.0;0.9975
obs7538;NORDESTE;0.0;0.9687
obs1221;NORDESTE;0.0;0.9927
obs991;SUL;0.0;0.9996
obs4192;SULDESTE;0.0;0.9785
obs133;SULDESTE;0.0;0.9996
obs8954;NORTE;0.0;0.9477
obs6361;SULDESTE;0.0;0.9972
obs4698;NORDESTE;0.0;0.9745
obs1810;SULDESTE;0.0;0.9761
obs3577;SULDESTE;0.0;0.9713
obs6747;CENTRO-OESTE;0.0;0.9769
obs9048;SULDESTE;1.0;0.9508
obs6606;CENTRO-OESTE;0.0;0.9863
obs7324;NORDESTE;0.0;0.9537
obs8853;SUL;0.0;0.9958
obs4988;CENTRO-OESTE;0.0;0.9728
obs6758;CENTRO-OESTE;0.0;0.9599
obs8566;SUL;0.0;0.8837
obs9515;SUL;0.0;0.972
obs8554;SUL;0.0;0.9538
obs8198;SUL;0.0;0.9664
obs4968;NORDESTE;0.0;0.813
obs2184;SUL;0.0;0.9661
obs3464;SULDESTE;0.0;0.9893
obs5261;NORTE;0.0;0.9935
obs7824;NORDESTE;0.0;0.9955
obs8070;SULDESTE;0.0;0.9988
obs6588;NORDESTE;0.0;0.9811
obs1235;NORDESTE;0.0;0.9991
obs4281;NORTE;0.0;0.9602
obs9933;NORDESTE;0.0;0.9851
obs6241;NORDESTE;1.0;0.9493
obs1197;NORDESTE;0.0;0.9321
obs9040;CENTRO-OESTE;0.0;0.9847
obs4232;SUL;0.0;0.99
obs6659;SULDESTE;0.0;0.9643
obs7274;SULDESTE;0.0;0.9999
obs1586;SULDESTE;0.0;0.9996
obs1417;SULDESTE;0.0;0.9999
obs5990;CENTRO-OESTE;0.0;0.9995
obs4761;SULDESTE;0.0;0.9993
obs2903;CENTRO-OESTE;0.0;0.9246
obs3993;SUL;0.0;0.9992
obs4306;SULDESTE;0.0;0.9655
obs4718;SUL;0.0;0.9965
obs2456;NORDESTE;0.0;0.9994
obs5655;SULDESTE;0.0;0.9967
obs7057;NORDESTE;0.0;0.9189
obs3802;SULDESTE;0.0;0.9842
obs7583;NORDESTE;0.0;0.9489
obs3801;SULDESTE;0.0;0.9899
obs6508;SUL;0.0;0.9923
obs5513;NORDESTE;1.0;0.811
obs1584;SULDESTE;0.0;0.9947
obs7906;NORDESTE;0.0;0.9723
obs6523;SULDESTE;0.0;0.9899
obs4304;SULDESTE;0.0;0.9993
obs3442;SUL;0.0;0.9915
obs2524;SULDESTE;0.0;0.9745
obs8633;SUL;0.0;0.9974
obs8886;CENTRO-OESTE;0.0;0.9873
obs2017;NORDESTE;0.0;0.9619
obs878;NORDESTE;0.0;0.8568
obs5324;CENTRO-OESTE;0.0;0.9874
obs514;SULDESTE;0.0;0.9991
obs3550;NORTE;0.0;0.9366
obs2776;SULDESTE;0.0;0.9892
obs8704;SUL;0.0;0.9888
obs8851;SULDESTE;0.0;0.9994
obs1992;NORDESTE;1.0;0.834
obs4850;CENTRO-OESTE;0.0;0.981
obs4728;SUL;0.0;0.992
obs1320;SULDESTE;0.0;0.9993
obs5478;CENTRO-OESTE;0.0;0.9983
obs1293;CENTRO-OESTE;0.0;0.908
obs6111;SULDESTE;0.0;0.9997
obs2470;SUL;0.0;0.9926
obs7055;SUL;0.0;0.9926
obs7130;SULDESTE;0.0;0.964
obs2748;NORDESTE;0.0;0.7268
obs1932;SULDESTE;0.0;0.9482
obs7561;SULDESTE;0.0;0.9823
obs5708;CENTRO-OESTE;0.0;0.9685
obs6048;SULDESTE;0.0;0.997
obs174;NORDESTE;0.0;0.9578
obs1029;SUL;0.0;0.9799
obs6141;SULDESTE;0.0;0.9942
obs3835;SUL;0.0;0.9918
obs7474;SUL;0.0;0.9939
obs5288;CENTRO-OESTE;0.0;0.8275
obs7535;CENTRO-OESTE;0.0;0.9623
obs1362;CENTRO-OESTE;0.0;0.998
obs9225;CENTRO-OESTE;0.0;0.9776
obs2372;SUL;0.0;0.9667
obs3785;SUL;0.0;0.9747
obs3168;NORDESTE;0.0;0.9979
obs4068;SUL;0.0;0.8745
obs7426;SULDESTE;0.0;0.9889
obs8843;SULDESTE;0.0;0.9922
obs802;SULDESTE;0.0;0.9937
obs9310;SULDESTE;0.0;0.9908
obs7231;SULDESTE;0.0;0.9971
obs4747;CENTRO-OESTE;0.0;0.8124
obs682;NORDESTE;0.0;0.9295
obs1692;NORDESTE;0.0;0.9964
obs7602;SUL;0.0;0.9967
obs2063;CENTRO-OESTE;0.0;0.9671
obs8653;CENTRO-OESTE;0.0;0.9809
obs1557;NORDESTE;0.0;0.9896
obs321;SULDESTE;0.0;0.9759
obs7961;SULDESTE;0.0;0.9602
obs7187;SULDESTE;0.0;0.9949
obs2194;NORDESTE;0.0;0.9995
obs347;CENTRO-OESTE;0.0;0.9664
obs8493;SULDESTE;0.0;0.993
obs2951;SULDESTE;0.0;0.9947
obs4179;SULDESTE;0.0;0.9819
obs7997;SUL;0.0;0.9733
obs2788;NORTE;0.0;0.9794
obs6332;NORDESTE;0.0;0.9964
obs6153;CENTRO-OESTE;0.0;0.9989
obs2561;NORDESTE;0.0;0.8534
obs2580;NORDESTE;0.0;0.9829
obs7392;SUL;0.0;0.9702
obs9530;NORDESTE;0.0;0.9479
obs4709;SULDESTE;0.0;0.9984
obs7252;NORDESTE;0.0;0.992
obs5674;SULDESTE;0.0;0.9962
obs3864;SUL;0.0;0.9995
obs5285;SUL;0.0;0.8918
obs3335;SULDESTE;0.0;0.9953
obs8211;CENTRO-OESTE;0.0;0.9411
obs1643;NORDESTE;0.0;0.9837
obs4194;NORTE;0.0;0.9973
obs6112;SULDESTE;0.0;0.981
obs3818;SULDESTE;0.0;0.9963
obs9257;NORTE;0.0;0.9931
obs4243;SULDESTE;0.0;0.9885
obs1601;NORTE;0.0;0.9943
obs6192;SULDESTE;0.0;0.992
obs5703;SULDESTE;0.0;0.996
obs8982;SUL;0.0;0.9976
obs4816;CENTRO-OESTE;0.0;0.8457
obs9282;NORDESTE;0.0;0.9989
obs4765;SULDESTE;0.0;0.9766
obs8202;SUL;0.0;0.9946
obs596;SULDESTE;0.0;0.9996
obs7395;SULDESTE;0.0;0.9998
obs8994;SUL;0.0;0.9958
obs8436;NORDESTE;0.0;0.9312
obs5390;SUL;0.0;0.99
obs83;CENTRO-OESTE;0.0;0.9144
obs22;NORDESTE;0.0;0.9967
obs8121;NORTE;0.0;0.9947
obs8069;NORDESTE;0.0;0.9872
obs4518;CENTRO-OESTE;0.0;0.9578
obs6680;CENTRO-OESTE;0.0;0.9914
obs7990;SULDESTE;0.0;0.9671
obs8114;SULDESTE;0.0;0.9969
obs9067;SULDESTE;0.0;0.9525
obs9612;SULDESTE;0.0;0.9995
obs3093;NORDESTE;0.0;0.9958
obs1778;SUL;0.0;0.9625
obs1939;SUL;0.0;0.9646
obs456;SUL;0.0;0.9756
obs1268;SULDESTE;0.0;0.9999
obs9503;NORDESTE;0.0;0.9597
obs5562;SULDESTE;0.0;0.9986
obs4193;SULDESTE;0.0;0.9968
obs1773;SULDESTE;0.0;0.9881
obs7544;SUL;0.0;0.8847
obs6853;SULDESTE;0.0;0.9885
obs5245;SUL;0.0;0.9985
obs7248;NORTE;0.0;0.9975
obs5764;SULDESTE;0.0;0.9989
obs8308;NORDESTE;0.0;0.9816
obs6989;SUL;0.0;0.7515
obs2440;NORDESTE;0.0;0.9997
obs8750;SUL;0.0;0.9705
obs7972;NORDESTE;1.0;0.6746
obs81;SULDESTE;0.0;0.9834
obs4732;SULDESTE;0.0;0.9994
obs4440;NORDESTE;0.0;0.8907
obs1082;SULDESTE;0.0;0.9998
obs8367;SULDESTE;0.0;0.9973
obs8001;SUL;0.0;0.9855
obs4478;SULDESTE;0.0;0.9444
obs5358;CENTRO-OESTE;0.0;0.9995
obs1770;SULDESTE;0.0;0.9965
obs8958;SULDESTE;0.0;0.9975
obs1711;SUL;0.0;0.9772
obs6258;SULDESTE;0.0;0.9997
obs4347;SUL;0.0;0.9443
obs5125;NORDESTE;0.0;0.958
obs3250;CENTRO-OESTE;0.0;0.936
obs8610;SULDESTE;0.0;0.9719
obs6614;SUL;1.0;0.9893
obs6884;NORTE;0.0;0.9979
obs1807;NORDESTE;0.0;0.9983
obs5833;SULDESTE;0.0;0.9739
obs1726;SULDESTE;0.0;0.9885
obs1579;SULDESTE;0.0;0.983
obs8168;SUL;0.0;0.9944
obs4689;NORDESTE;0.0;0.9843
obs5889;SUL;0.0;0.9929
obs7757;SUL;0.0;0.998
obs5541;NORTE;0.0;0.9884
obs7375;NORDESTE;0.0;0.9993
obs9297;CENTRO-OESTE;0.0;0.9921
obs3086;CENTRO-OESTE;0.0;0.994
obs7132;SULDESTE;0.0;0.992
obs9720;SUL;0.0;0.9338
obs2192;SULDESTE;0.0;0.9596
obs1752;SULDESTE;0.0;0.9976
obs8043;SULDESTE;0.0;0.9949
obs629;SULDESTE;0.0;0.9878
obs5046;SULDESTE;0.0;0.968
obs4188;SULDESTE;0.0;0.9998
obs2341;NORTE;0.0;0.9966
obs6247;SULDESTE;0.0;0.9954
obs7795;SUL;0.0;0.9991
obs7579;NORDESTE;0.0;0.991
obs8761;SULDESTE;0.0;0.9873
obs1852;NORTE;0.0;0.9776
obs955;SULDESTE;0.0;0.9955
obs1626;NORDESTE;0.0;0.9994
obs9336;SUL;0.0;0.9995
obs989;SUL;0.0;0.9797
obs7656;SUL;0.0;0.9638
obs2566;CENTRO-OESTE;0.0;0.9793
obs8821;SULDESTE;0.0;0.9433
obs6514;CENTRO-OESTE;0.0;0.9765
obs8951;SUL;0.0;0.9952
obs3398;SULDESTE;0.0;0.9988
obs6372;NORDESTE;0.0;0.9381
obs7510;CENTRO-OESTE;0.0;0.9064
obs4278;NORDESTE;0.0;0.9976
obs3638;SULDESTE;0.0;0.9667
obs9183;CENTRO-OESTE;0.0;0.9985
obs2046;NORDESTE;0.0;0.8445
obs8701;SULDESTE;0.0;0.9925
obs8473;SULDESTE;0.0;0.9918
obs7156;SULDESTE;0.0;0.9992
obs4760;NORDESTE;0.0;0.993
obs2354;SUL;0.0;0.9953
obs5739;SULDESTE;0.0;0.992
obs4868;NORDESTE;0.0;0.9763
obs7480;NORTE;0.0;0.9433
obs946;CENTRO-OESTE;0.0;0.9945
obs7941;NORDESTE;1.0;0.9365
obs7348;SUL;0.0;0.9778
obs7696;NORDESTE;0.0;0.9135
obs3529;SULDESTE;0.0;0.9821
obs9367;CENTRO-OESTE;0.0;0.9789
obs6746;SULDESTE;0.0;0.999
obs9924;SULDESTE;0.0;0.9869
obs5304;SULDESTE;0.0;0.9998
obs1776;NORDESTE;0.0;0.9793
obs4649;SUL;0.0;0.8924
obs9617;SUL;0.0;0.999
obs5063;NORTE;0.0;0.999
obs3201;SULDESTE;0.0;0.9877
obs1248;CENTRO-OESTE;0.0;0.9125
obs7110;NORDESTE;0.0;0.9998
obs4702;NORDESTE;0.0;0.9492
obs7935;SUL;0.0;0.9656
obs3844;NORTE;0.0;0.9974
obs8562;NORTE;0.0;0.9994
obs717;SUL;0.0;0.9818
obs5272;NORTE;0.0;0.9989
obs7217;SUL;0.0;0.9906
obs4261;SULDESTE;0.0;0.9965
obs8173;CENTRO-OESTE;0.0;0.9974
obs8667;SULDESTE;0.0;0.9989
obs8518;NORDESTE;0.0;0.9902
obs2922;SULDESTE;0.0;0.9928
obs2337;SUL;0.0;0.8239
obs581;NORDESTE;0.0;0.7164
obs9392;SULDESTE;0.0;0.9997
obs6398;NORDESTE;0.0;0.9525
obs2618;SULDESTE;0.0;0.9955
obs2034;CENTRO-OESTE;0.0;0.9262
obs4789;SULDESTE;0.0;0.9963
obs8386;SULDESTE;0.0;0.9931
obs9097;SULDESTE;0.0;0.9998
obs7094;CENTRO-OESTE;0.0;0.9893
obs3472;NORTE;0.0;0.9969
obs8520;SULDESTE;0.0;0.9721
obs5417;SULDESTE;0.0;0.9998
obs5772;SULDESTE;0.0;0.9778
obs2158;SULDESTE;0.0;0.9724
obs1208;SULDESTE;0.0;0.9755
obs2815;NORDESTE;0.0;0.954
obs7770;SUL;0.0;0.9925
obs2917;CENTRO-OESTE;0.0;0.9929
obs6200;NORDESTE;0.0;0.9682
obs4675;SULDESTE;0.0;0.9911
obs4526;NORTE;0.0;0.9767
obs9762;SULDESTE;0.0;0.9994
obs6041;SULDESTE;0.0;0.9996
obs9369;CENTRO-OESTE;0.0;0.9601
obs7221;SUL;0.0;0.9903
obs6407;SUL;0.0;0.9225
obs4106;SULDESTE;0.0;0.999
obs4333;SULDESTE;0.0;0.9997
obs4773;NORDESTE;0.0;0.9506
obs9166;CENTRO-OESTE;0.0;0.9905
obs8352;SULDESTE;0.0;0.8983
obs3032;NORDESTE;0.0;0.9759
obs806;SULDESTE;0.0;0.901
obs6305;SUL;0.0;0.9995
obs5198;SULDESTE;0.0;0.9879
obs8246;SUL;0.0;0.9953
obs8375;NORDESTE;0.0;0.9945
obs8310;SULDESTE;0.0;0.9642
obs1123;SULDESTE;0.0;0.9998
obs9472;SULDESTE;0.0;0.9997
obs7365;NORDESTE;0.0;0.9334
obs8285;NORDESTE;0.0;0.9971
obs2513;SULDESTE;0.0;0.9949
obs2539;SULDESTE;0.0;0.9998
obs5973;SULDESTE;0.0;0.9304
obs9399;CENTRO-OESTE;0.0;0.9224
obs2677;SULDESTE;0.0;0.883
obs7092;SUL;0.0;0.9997
obs3041;NORDESTE;0.0;0.9528
obs8933;SUL;0.0;0.993
obs6526;SUL;0.0;0.9938
obs4426;NORTE;0.0;0.9906
obs190;CENTRO-OESTE;1.0;0.8736
obs2837;NORTE;0.0;0.9212
obs2771;NORDESTE;0.0;0.9955
obs1070;SULDESTE;0.0;0.9993
obs4130;SULDESTE;0.0;0.9686
obs485;SUL;0.0;0.9391
obs4594;SULDESTE;0.0;0.993
obs2617;SUL;0.0;0.9721
obs4427;SULDESTE;0.0;0.9993
obs5325;SULDESTE;0.0;0.9471
obs7831;NORDESTE;0.0;0.9984
obs8510;NORDESTE;0.0;0.9948
obs699;SULDESTE;0.0;0.999
obs2065;SULDESTE;0.0;0.9867
obs1416;CENTRO-OESTE;0.0;0.9482
obs2454;NORDESTE;0.0;0.9951
obs2376;NORDESTE;0.0;0.9899
obs7040;SULDESTE;0.0;0.9918
obs4918;SUL;0.0;0.9682
obs6725;SULDESTE;0.0;0.9795
obs4659;SUL;0.0;0.8531
obs2817;SULDESTE;0.0;0.9748
obs7305;NORDESTE;0.0;0.9994
obs1797;CENTRO-OESTE;0.0;0.9966
obs4923;SULDESTE;0.0;0.9733
obs3094;NORTE;0.0;0.9961
obs8360;NORTE;0.0;0.9901
obs6677;NORDESTE;0.0;0.9847
obs2226;NORDESTE;0.0;0.9766
obs8865;CENTRO-OESTE;0.0;0.9952
obs8723;SULDESTE;0.0;0.9763
obs261;SULDESTE;0.0;0.9538
obs7690;SUL;0.0;0.897
obs9105;NORDESTE;0.0;0.9893
obs1609;NORDESTE;0.0;0.9966
obs2021;CENTRO-OESTE;0.0;0.9526
obs5578;SULDESTE;0.0;0.9757
obs4947;SULDESTE;0.0;0.9999
obs124;CENTRO-OESTE;0.0;0.906
obs553;SUL;0.0;0.9928
obs5943;NORDESTE;0.0;0.9618
obs3670;SULDESTE;0.0;0.9868
obs6904;CENTRO-OESTE;0.0;0.964
obs6729;CENTRO-OESTE;0.0;0.9802
obs5453;SUL;0.0;0.9863
obs5391;NORDESTE;0.0;0.9762
obs6460;NORDESTE;0.0;0.9879
obs7821;SULDESTE;0.0;0.9641
obs775;NORTE;0.0;0.9203
obs6296;NORDESTE;0.0;0.9937
obs7119;SUL;0.0;0.9989
obs3589;SUL;0.0;0.9899
obs2203;NORDESTE;0.0;0.9951
obs2757;NORDESTE;0.0;0.9693
obs3811;CENTRO-OESTE;0.0;0.9521
obs2168;NORDESTE;0.0;0.9841
obs7756;SULDESTE;0.0;0.9972
obs289;SUL;0.0;0.9841
obs5819;SULDESTE;0.0;0.9831
obs3840;SULDESTE;0.0;0.999
obs2883;CENTRO-OESTE;0.0;0.9363
obs3198;SULDESTE;0.0;0.9993
obs5826;SULDESTE;0.0;0.9998
obs5745;SUL;0.0;0.9998
obs8433;SULDESTE;0.0;0.9997
obs1879;NORDESTE;0.0;0.9672
obs1146;SULDESTE;0.0;0.971
obs1057;SULDESTE;0.0;0.9787
obs6632;SULDESTE;0.0;0.9991
obs8845;SULDESTE;0.0;0.9963
obs3178;NORTE;0.0;0.9838
obs7031;CENTRO-OESTE;0.0;0.9887
obs2343;CENTRO-OESTE;0.0;0.9121
obs5563;SULDESTE;0.0;0.9999
obs1500;SUL;0.0;0.9847
obs4196;SULDESTE;0.0;0.9971
obs3098;SULDESTE;0.0;0.8908
obs1265;SUL;0.0;0.8628
obs5645;SULDESTE;0.0;0.9909
obs5036;SULDESTE;0.0;0.9985
obs1887;NORDESTE;0.0;0.9802
obs1543;SUL;0.0;0.9978
obs4691;NORTE;0.0;0.948
obs9316;SUL;0.0;0.964
obs4595;SUL;0.0;0.9433
obs6831;SULDESTE;0.0;0.9993
obs6454;CENTRO-OESTE;0.0;0.9994
obs3797;SULDESTE;0.0;0.984
obs6102;SULDESTE;0.0;0.9993
obs5456;SULDESTE;0.0;0.9996
obs2873;NORDESTE;0.0;0.9945
obs815;NORDESTE;0.0;0.9681
obs8907;NORDESTE;0.0;0.9837
obs3824;CENTRO-OESTE;0.0;0.8967
obs8879;NORDESTE;0.0;0.8897
obs8302;SUL;0.0;0.9897
obs3880;NORDESTE;0.0;0.9626
obs1729;SULDESTE;0.0;0.9998
obs6269;NORTE;0.0;0.9994
obs6967;NORDESTE;0.0;0.9532
obs4045;NORDESTE;0.0;0.9394
obs1232;SUL;0.0;0.953
obs2390;SULDESTE;0.0;0.9927
obs225;NORTE;0.0;0.9998
obs2797;SULDESTE;0.0;0.9844
obs8097;SUL;0.0;0.9859
obs7227;NORTE;0.0;0.9579
obs3377;SULDESTE;0.0;0.9994
obs1950;SULDESTE;0.0;0.9811
obs8044;SULDESTE;0.0;0.9945
obs57;CENTRO-OESTE;0.0;0.8541
obs904;SULDESTE;0.0;0.9649
obs8431;NORTE;0.0;0.9968
obs7387;NORDESTE;0.0;0.995
obs6673;SUL;0.0;0.964
obs3750;SUL;0.0;0.9295
obs7466;NORTE;0.0;0.8906
obs28;NORDESTE;0.0;0.9895
obs7715;SULDESTE;0.0;0.9302
obs9095;NORDESTE;0.0;0.9835
obs6170;NORDESTE;0.0;0.8993
obs661;SUL;0.0;0.9583
obs994;SUL;0.0;0.9878
obs4978;NORTE;0.0;0.9537
obs3548;NORDESTE;1.0;0.7692
obs8107;NORTE;0.0;0.9956
obs8252;NORTE;1.0;0.9598
obs1236;NORDESTE;0.0;0.9992
obs4297;NORDESTE;0.0;0.9976
obs3914;SULDESTE;0.0;0.9917
obs5785;SULDESTE;0.0;0.9927
obs7971;SUL;0.0;0.9955
obs5;SULDESTE;0.0;0.9207
obs6617;SULDESTE;0.0;0.9756
obs2278;SULDESTE;0.0;0.9965
obs3180;NORTE;0.0;0.9777
obs8172;NORDESTE;0.0;0.9573
obs4241;CENTRO-OESTE;1.0;0.9063
obs8072;CENTRO-OESTE;0.0;0.9103
obs7562;SUL;0.0;0.9927
obs2024;CENTRO-OESTE;0.0;0.8629
obs5941;NORDESTE;0.0;0.9623
obs465;NORTE;0.0;0.9375
obs3563;NORDESTE;0.0;0.9968
obs5526;NORDESTE;0.0;0.8838
obs1610;SUL;0.0;0.9759
obs939;SUL;0.0;0.9998
obs6070;SULDESTE;0.0;0.9962
obs1002;SUL;0.0;0.9426
obs4543;CENTRO-OESTE;0.0;0.9507
obs1733;NORTE;0.0;0.9692
obs9381;NORTE;0.0;0.9608
obs704;SULDESTE;0.0;0.9952
obs7866;NORDESTE;0.0;0.9774
obs853;SULDESTE;0.0;0.9841
obs2828;NORDESTE;0.0;0.9961
obs248;NORDESTE;0.0;0.9999
obs3383;CENTRO-OESTE;0.0;0.9854
obs582;NORDESTE;0.0;0.9972
obs4566;SUL;0.0;0.9946
obs8741;NORDESTE;0.0;0.9847
obs8208;NORDESTE;0.0;0.9577
obs8864;SULDESTE;0.0;0.9987
obs9275;SULDESTE;0.0;0.9941
obs266;NORTE;0.0;0.9915
obs5434;SULDESTE;0.0;0.998
obs6515;SULDESTE;0.0;0.9988
obs9540;NORDESTE;0.0;0.8433
obs900;SUL;0.0;0.9981
obs9150;SUL;0.0;0.9403
obs1463;SULDESTE;0.0;0.9624
obs1133;SUL;0.0;0.9971
obs3910;SULDESTE;0.0;0.9734
obs3034;SULDESTE;0.0;0.9757
obs9559;NORTE;0.0;0.9993
obs1719;NORDESTE;0.0;0.9895
obs6841;NORTE;0.0;0.9714
obs2157;SULDESTE;0.0;0.9113
obs4161;SULDESTE;0.0;0.9991
obs3974;CENTRO-OESTE;0.0;0.9825
obs1590;SUL;0.0;0.9403
obs1978;SULDESTE;0.0;0.9928
obs511;SUL;0.0;0.9941
obs8415;SULDESTE;0.0;0.9938
obs1824;SULDESTE;0.0;0.955
obs9836;SUL;0.0;0.9993
obs6459;SULDESTE;0.0;0.9865
obs2728;CENTRO-OESTE;0.0;0.9375
obs959;NORDESTE;0.0;0.9772
obs3547;SULDESTE;0.0;0.9773
obs3895;SUL;0.0;0.9993
obs8904;SULDESTE;0.0;0.9972
obs692;SULDESTE;0.0;0.9998
obs7686;SULDESTE;0.0;0.9891
obs7259;NORDESTE;0.0;0.9504
obs3612;NORDESTE;0.0;0.9247
obs2247;NORDESTE;0.0;0.9944
obs3280;SULDESTE;0.0;0.9894
obs2713;SULDESTE;0.0;0.9998
obs826;SUL;0.0;0.9983
obs4209;NORTE;0.0;0.9913
obs9004;SULDESTE;0.0;0.9693
obs97;NORDESTE;0.0;0.9955
obs3044;SUL;1.0;0.823
obs2020;SUL;0.0;0.9847
obs9106;NORDESTE;0.0;0.9078
obs8479;SULDESTE;0.0;0.9999
obs208;SULDESTE;0.0;0.9618
obs5544;NORTE;0.0;0.8298
obs8071;CENTRO-OESTE;1.0;0.7965
obs708;CENTRO-OESTE;0.0;0.9373
obs3325;SULDESTE;0.0;0.9992
obs5168;NORDESTE;0.0;0.9783
obs7896;SULDESTE;0.0;0.9917
obs9783;CENTRO-OESTE;0.0;0.9929
obs7550;SUL;0.0;0.9877
obs6445;NORDESTE;1.0;0.8924
obs1086;SULDESTE;0.0;0.998
obs3567;NORDESTE;0.0;0.9989
obs5499;SULDESTE;0.0;0.9964
obs2994;SULDESTE;0.0;0.9944
obs3429;SUL;0.0;0.9696
obs2154;SUL;0.0;0.9798
obs8689;SULDESTE;0.0;0.9994
obs8269;NORTE;0.0;0.998
obs8156;CENTRO-OESTE;0.0;0.996
obs3060;SUL;0.0;0.8655
obs3033;CENTRO-OESTE;0.0;0.9074
obs4921;SULDESTE;0.0;0.975
obs8901;SUL;0.0;0.9997
obs6618;NORDESTE;0.0;0.9925
obs8825;NORDESTE;0.0;0.9851
obs4363;CENTRO-OESTE;0.0;0.9951
obs3469;CENTRO-OESTE;0.0;0.9994
obs9337;SULDESTE;0.0;0.9946
obs3231;SULDESTE;0.0;0.9947
obs6239;NORTE;0.0;0.9586
obs3857;SULDESTE;0.0;0.998
obs6786;NORTE;0.0;0.9937
obs2188;CENTRO-OESTE;0.0;0.9187
obs2738;SULDESTE;0.0;0.9998
obs978;CENTRO-OESTE;0.0;0.9982
obs8524;SUL;0.0;0.9311
obs1172;NORDESTE;0.0;0.9998
obs7613;NORTE;0.0;0.996
obs530;NORDESTE;0.0;0.9955
obs3401;SULDESTE;0.0;0.9844
obs7608;CENTRO-OESTE;0.0;0.9916
obs915;NORDESTE;0.0;0.991
obs8057;SULDESTE;0.0;0.9921
obs1134;SULDESTE;0.0;0.9993
obs8150;NORDESTE;0.0;0.8761
obs5115;CENTRO-OESTE;0.0;0.9961
obs3014;CENTRO-OESTE;0.0;0.9863
obs6174;SULDESTE;0.0;0.9973
obs8955;SULDESTE;0.0;0.9993
obs4788;NORTE;0.0;0.9739
obs8674;SUL;0.0;0.938
obs3919;SULDESTE;0.0;0.9994
obs4277;NORDESTE;0.0;0.9988
obs1204;NORDESTE;0.0;0.9737
obs102;SULDESTE;0.0;0.9751
obs1787;NORDESTE;0.0;0.7152
obs4365;NORTE;0.0;0.9738
obs5530;SULDESTE;0.0;0.9246
obs3304;NORDESTE;0.0;0.9964
obs5706;SULDESTE;0.0;0.9982
obs4169;NORDESTE;0.0;0.9549
obs5092;SUL;0.0;0.9989
obs8110;SULDESTE;0.0;0.9816
obs8785;SULDESTE;0.0;0.9895
obs3288;SUL;0.0;0.9666
obs9630;NORDESTE;1.0;0.8312
obs7589;NORDESTE;0.0;0.9974
obs37;NORDESTE;1.0;0.9688
obs2106;SUL;0.0;0.9227
obs2000;SULDESTE;0.0;0.9445
obs8784;SULDESTE;0.0;0.9661
obs3494;SULDESTE;0.0;0.9871
obs6598;NORTE;0.0;0.9946
obs8233;SULDESTE;0.0;0.9878
obs2991;SULDESTE;0.0;0.9814
obs7764;NORTE;0.0;0.994
obs1025;NORDESTE;0.0;0.9991
obs6825;NORDESTE;0.0;0.9168
obs3369;NORDESTE;0.0;0.9687
obs6013;CENTRO-OESTE;0.0;0.8864
obs1850;CENTRO-OESTE;0.0;0.9965
obs9245;SUL;0.0;0.9845
obs2066;SUL;0.0;0.9991
obs5421;NORDESTE;1.0;0.9862
obs5411;SULDESTE;0.0;0.9942
obs2620;NORDESTE;0.0;0.9953
obs3532;SULDESTE;0.0;0.99
obs5268;SUL;0.0;0.8801
obs2722;CENTRO-OESTE;0.0;0.9996
obs7450;SULDESTE;0.0;0.9585
obs4671;SUL;0.0;0.9989
obs8707;NORTE;0.0;0.9935
obs9453;NORDESTE;0.0;0.9669
obs3950;NORTE;0.0;0.9779
obs1512;NORDESTE;0.0;0.9567
obs518;SUL;0.0;0.9793
obs5164;SUL;0.0;0.931
obs1239;SULDESTE;0.0;0.9997
obs8331;SULDESTE;0.0;0.9484
obs1154;NORDESTE;0.0;0.9979
obs4105;SULDESTE;0.0;0.9773
obs2545;SULDESTE;0.0;0.885
obs3396;NORDESTE;0.0;0.967
obs1972;SULDESTE;0.0;0.9945
obs4472;SULDESTE;0.0;0.9863
obs8671;NORDESTE;0.0;0.9968
obs1826;SULDESTE;0.0;0.9953
obs9667;SULDESTE;0.0;0.9976
obs8577;NORDESTE;0.0;0.84
obs6288;NORDESTE;0.0;0.9902
obs3533;NORDESTE;0.0;0.9609
obs7677;CENTRO-OESTE;0.0;0.9922
obs4838;SULDESTE;0.0;0.9633
obs5140;NORTE;0.0;0.9957
obs1343;SULDESTE;0.0;0.9992
obs2003;SUL;0.0;0.9946
obs364;SULDESTE;0.0;0.9845
obs2479;SUL;0.0;0.9906
obs1547;SULDESTE;0.0;0.9968
obs6087;CENTRO-OESTE;0.0;0.9426
obs6761;SULDESTE;0.0;0.8114
